[03Mar2026 00:25:32.969] [main/INFO] [cpw.mods.modlauncher.Launcher/MODLAUNCHER]: ModLauncher running: args [--launchTarget, forgeserver, --fml.forgeVersion, 47.3.7, --fml.mcVersion, 1.20.1, --fml.forgeGroup, net.minecraftforge, --fml.mcpVersion, 20230612.114412, nogui]
[03Mar2026 00:25:32.978] [main/INFO] [cpw.mods.modlauncher.Launcher/MODLAUNCHER]: ModLauncher 10.0.9+10.0.9+main.dcd20f30 starting: java version 17.0.17 by Ubuntu; OS Linux arch amd64 version 6.8.0-1044-azure
[03Mar2026 00:25:33.010] [main/DEBUG] [cpw.mods.modlauncher.LaunchServiceHandler/MODLAUNCHER]: Found launch services [fmlclientdev,forgeclient,minecraft,forgegametestserverdev,fmlserveruserdev,fmlclient,fmldatauserdev,forgeserverdev,forgeserveruserdev,forgeclientdev,forgeclientuserdev,forgeserver,forgedatadev,fmlserver,fmlclientuserdev,fmlserverdev,forgedatauserdev,testharness,forgegametestserveruserdev]
[03Mar2026 00:25:33.026] [main/DEBUG] [cpw.mods.modlauncher.NameMappingServiceHandler/MODLAUNCHER]: Found naming services : [srgtomcp]
[03Mar2026 00:25:33.049] [main/DEBUG] [cpw.mods.modlauncher.LaunchPluginHandler/MODLAUNCHER]: Found launch plugins: [mixin,eventbus,slf4jfixer,object_holder_definalize,runtime_enum_extender,capability_token_subclass,accesstransformer,runtimedistcleaner]
[03Mar2026 00:25:33.062] [main/DEBUG] [cpw.mods.modlauncher.TransformationServicesHandler/MODLAUNCHER]: Discovering transformation services
[03Mar2026 00:25:33.067] [main/DEBUG] [net.minecraftforge.fml.loading.FMLPaths/CORE]: Path GAMEDIR is /workspaces/mineserv/servidor_minecraft
[03Mar2026 00:25:33.067] [main/DEBUG] [net.minecraftforge.fml.loading.FMLPaths/CORE]: Path MODSDIR is /workspaces/mineserv/servidor_minecraft/mods
[03Mar2026 00:25:33.067] [main/DEBUG] [net.minecraftforge.fml.loading.FMLPaths/CORE]: Path CONFIGDIR is /workspaces/mineserv/servidor_minecraft/config
[03Mar2026 00:25:33.067] [main/DEBUG] [net.minecraftforge.fml.loading.FMLPaths/CORE]: Path FMLCONFIG is /workspaces/mineserv/servidor_minecraft/config/fml.toml
[03Mar2026 00:25:33.738] [main/DEBUG] [cpw.mods.modlauncher.TransformationServicesHandler/MODLAUNCHER]: Found additional transformation services from discovery services: 
[03Mar2026 00:25:33.745] [main/INFO] [net.minecraftforge.fml.loading.ImmediateWindowHandler/]: ImmediateWindowProvider not loading because launch target is forgeserver
[03Mar2026 00:25:33.754] [main/DEBUG] [cpw.mods.modlauncher.TransformationServicesHandler/MODLAUNCHER]: Found transformer services : [mixin,fml]
[03Mar2026 00:25:33.754] [main/DEBUG] [cpw.mods.modlauncher.TransformationServicesHandler/MODLAUNCHER]: Transformation services loading
[03Mar2026 00:25:33.755] [main/DEBUG] [cpw.mods.modlauncher.TransformationServiceDecorator/MODLAUNCHER]: Loading service mixin
[03Mar2026 00:25:33.755] [main/DEBUG] [cpw.mods.modlauncher.TransformationServiceDecorator/MODLAUNCHER]: Loaded service mixin
[03Mar2026 00:25:33.755] [main/DEBUG] [cpw.mods.modlauncher.TransformationServiceDecorator/MODLAUNCHER]: Loading service fml
[03Mar2026 00:25:33.756] [main/DEBUG] [net.minecraftforge.fml.loading.LauncherVersion/CORE]: Found FMLLauncher version 1.0
[03Mar2026 00:25:33.757] [main/DEBUG] [net.minecraftforge.fml.loading.FMLLoader/CORE]: FML 1.0 loading
[03Mar2026 00:25:33.757] [main/DEBUG] [net.minecraftforge.fml.loading.FMLLoader/CORE]: FML found ModLauncher version : 10.0.9+10.0.9+main.dcd20f30
[03Mar2026 00:25:33.757] [main/DEBUG] [net.minecraftforge.fml.loading.FMLLoader/CORE]: FML found AccessTransformer version : 8.0.4+66+master.c09db6d7
[03Mar2026 00:25:33.758] [main/DEBUG] [net.minecraftforge.fml.loading.FMLLoader/CORE]: FML found EventBus version : 6.0.5+6.0.5+master.eb8e549b
[03Mar2026 00:25:33.758] [main/DEBUG] [net.minecraftforge.fml.loading.FMLLoader/CORE]: Found Runtime Dist Cleaner
[03Mar2026 00:25:33.761] [main/DEBUG] [net.minecraftforge.fml.loading.FMLLoader/CORE]: FML found CoreMod version : 5.1.6
[03Mar2026 00:25:33.762] [main/DEBUG] [net.minecraftforge.fml.loading.FMLLoader/CORE]: Found ForgeSPI package implementation version 7.0.1+7.0.1+master.d2b38bf6
[03Mar2026 00:25:33.762] [main/DEBUG] [net.minecraftforge.fml.loading.FMLLoader/CORE]: Found ForgeSPI package specification 5
[03Mar2026 00:25:33.762] [main/DEBUG] [cpw.mods.modlauncher.TransformationServiceDecorator/MODLAUNCHER]: Loaded service fml
[03Mar2026 00:25:33.764] [main/DEBUG] [cpw.mods.modlauncher.TransformationServicesHandler/MODLAUNCHER]: Configuring option handling for services
[03Mar2026 00:25:33.773] [main/DEBUG] [cpw.mods.modlauncher.TransformationServicesHandler/MODLAUNCHER]: Transformation services initializing
[03Mar2026 00:25:33.773] [main/DEBUG] [cpw.mods.modlauncher.TransformationServiceDecorator/MODLAUNCHER]: Initializing transformation service mixin
[03Mar2026 00:25:33.790] [main/DEBUG] [mixin/]: MixinService [ModLauncher] was successfully booted in cpw.mods.cl.ModuleClassLoader@7a3d45bd
[03Mar2026 00:25:33.819] [main/INFO] [mixin/]: SpongePowered MIXIN Subsystem Version=0.8.5 Source=union:/workspaces/mineserv/servidor_minecraft/libraries/org/spongepowered/mixin/0.8.5/mixin-0.8.5.jar%2365!/ Service=ModLauncher Env=SERVER
[03Mar2026 00:25:33.824] [main/DEBUG] [mixin/]: Initialising Mixin Platform Manager
[03Mar2026 00:25:33.824] [main/DEBUG] [mixin/]: Adding mixin platform agents for container ModLauncher Root Container(ModLauncher:4f56a0a2)
[03Mar2026 00:25:33.825] [main/DEBUG] [mixin/]: Instancing new MixinPlatformAgentMinecraftForge for ModLauncher Root Container(ModLauncher:4f56a0a2)
[03Mar2026 00:25:33.826] [main/DEBUG] [mixin/]: MixinPlatformAgentMinecraftForge rejected container ModLauncher Root Container(ModLauncher:4f56a0a2)
[03Mar2026 00:25:33.826] [main/DEBUG] [mixin/]: Instancing new MixinPlatformAgentDefault for ModLauncher Root Container(ModLauncher:4f56a0a2)
[03Mar2026 00:25:33.826] [main/DEBUG] [mixin/]: MixinPlatformAgentDefault accepted container ModLauncher Root Container(ModLauncher:4f56a0a2)
[03Mar2026 00:25:33.830] [main/DEBUG] [cpw.mods.modlauncher.TransformationServiceDecorator/MODLAUNCHER]: Initialized transformation service mixin
[03Mar2026 00:25:33.830] [main/DEBUG] [cpw.mods.modlauncher.TransformationServiceDecorator/MODLAUNCHER]: Initializing transformation service fml
[03Mar2026 00:25:33.830] [main/DEBUG] [net.minecraftforge.fml.loading.FMLServiceProvider/CORE]: Setting up basic FML game directories
[03Mar2026 00:25:33.830] [main/DEBUG] [net.minecraftforge.fml.loading.FMLPaths/CORE]: Path GAMEDIR is /workspaces/mineserv/servidor_minecraft
[03Mar2026 00:25:33.830] [main/DEBUG] [net.minecraftforge.fml.loading.FMLPaths/CORE]: Path MODSDIR is /workspaces/mineserv/servidor_minecraft/mods
[03Mar2026 00:25:33.831] [main/DEBUG] [net.minecraftforge.fml.loading.FMLPaths/CORE]: Path CONFIGDIR is /workspaces/mineserv/servidor_minecraft/config
[03Mar2026 00:25:33.831] [main/DEBUG] [net.minecraftforge.fml.loading.FMLPaths/CORE]: Path FMLCONFIG is /workspaces/mineserv/servidor_minecraft/config/fml.toml
[03Mar2026 00:25:33.831] [main/DEBUG] [net.minecraftforge.fml.loading.FMLServiceProvider/CORE]: Loading configuration
[03Mar2026 00:25:33.834] [main/DEBUG] [net.minecraftforge.fml.loading.FMLServiceProvider/CORE]: Preparing ModFile
[03Mar2026 00:25:33.837] [main/DEBUG] [net.minecraftforge.fml.loading.FMLServiceProvider/CORE]: Preparing launch handler
[03Mar2026 00:25:33.837] [main/DEBUG] [net.minecraftforge.fml.loading.FMLLoader/CORE]: Using forgeserver as launch service
[03Mar2026 00:25:33.853] [main/DEBUG] [net.minecraftforge.fml.loading.FMLLoader/CORE]: Received command line version data  : VersionInfo[forgeVersion=47.3.7, mcVersion=1.20.1, mcpVersion=20230612.114412, forgeGroup=net.minecraftforge]
[03Mar2026 00:25:33.855] [main/DEBUG] [cpw.mods.modlauncher.TransformationServiceDecorator/MODLAUNCHER]: Initialized transformation service fml
[03Mar2026 00:25:33.856] [main/DEBUG] [cpw.mods.modlauncher.NameMappingServiceHandler/MODLAUNCHER]: Current naming domain is 'srg'
[03Mar2026 00:25:33.856] [main/DEBUG] [cpw.mods.modlauncher.NameMappingServiceHandler/MODLAUNCHER]: Identified name mapping providers {}
[03Mar2026 00:25:33.856] [main/DEBUG] [cpw.mods.modlauncher.TransformationServicesHandler/MODLAUNCHER]: Transformation services begin scanning
[03Mar2026 00:25:33.857] [main/DEBUG] [cpw.mods.modlauncher.TransformationServiceDecorator/MODLAUNCHER]: Beginning scan trigger - transformation service mixin
[03Mar2026 00:25:33.857] [main/DEBUG] [cpw.mods.modlauncher.TransformationServiceDecorator/MODLAUNCHER]: End scan trigger - transformation service mixin
[03Mar2026 00:25:33.858] [main/DEBUG] [cpw.mods.modlauncher.TransformationServiceDecorator/MODLAUNCHER]: Beginning scan trigger - transformation service fml
[03Mar2026 00:25:33.858] [main/DEBUG] [net.minecraftforge.fml.loading.FMLServiceProvider/CORE]: Initiating mod scan
[03Mar2026 00:25:33.868] [main/DEBUG] [net.minecraftforge.fml.loading.moddiscovery.ModListHandler/CORE]: Found mod coordinates from lists: []
[03Mar2026 00:25:33.871] [main/DEBUG] [net.minecraftforge.fml.loading.moddiscovery.ModDiscoverer/CORE]: Found Mod Locators : (mods folder:null),(maven libs:null),(exploded directory:null),(minecraft:null),(userdev classpath:null)
[03Mar2026 00:25:33.872] [main/DEBUG] [net.minecraftforge.fml.loading.moddiscovery.ModDiscoverer/CORE]: Found Dependency Locators : (JarInJar:null)
[03Mar2026 00:25:33.879] [main/DEBUG] [net.minecraftforge.fml.loading.moddiscovery.ModFileParser/LOADING]: Considering mod file candidate /workspaces/mineserv/servidor_minecraft/mods/Ancient-Obelisks-1.20.1-1.2.3.jar
[03Mar2026 00:25:33.922] [main/DEBUG] [net.minecraftforge.fml.loading.moddiscovery.ModFileInfo/LOADING]: Found valid mod file Ancient-Obelisks-1.20.1-1.2.3.jar with {ancient_obelisks} mods - versions {1.2.3}
[03Mar2026 00:25:33.924] [main/DEBUG] [net.minecraftforge.fml.loading.moddiscovery.ModFileParser/LOADING]: Considering mod file candidate /workspaces/mineserv/servidor_minecraft/mods/born_in_chaos_[Forge]1.20.1_1.7.4.jar
[03Mar2026 00:25:33.926] [main/DEBUG] [net.minecraftforge.fml.loading.moddiscovery.ModFileInfo/LOADING]: Found valid mod file born_in_chaos_[Forge]1.20.1_1.7.4.jar with {born_in_chaos_v1} mods - versions {1.7.3}
[03Mar2026 00:25:33.927] [main/DEBUG] [net.minecraftforge.fml.loading.moddiscovery.ModFileParser/LOADING]: Considering mod file candidate /workspaces/mineserv/servidor_minecraft/mods/Chunky-1.3.146.jar
[03Mar2026 00:25:33.928] [main/DEBUG] [net.minecraftforge.fml.loading.moddiscovery.ModFileInfo/LOADING]: Found valid mod file Chunky-1.3.146.jar with {chunky} mods - versions {1.3.146}
[03Mar2026 00:25:33.929] [main/DEBUG] [net.minecraftforge.fml.loading.moddiscovery.ModFileParser/LOADING]: Considering mod file candidate /workspaces/mineserv/servidor_minecraft/mods/cloth-config-11.1.136-forge.jar
[03Mar2026 00:25:33.930] [main/DEBUG] [net.minecraftforge.fml.loading.moddiscovery.ModFileInfo/LOADING]: Found valid mod file cloth-config-11.1.136-forge.jar with {cloth_config} mods - versions {11.1.136}
[03Mar2026 00:25:33.931] [main/DEBUG] [net.minecraftforge.fml.loading.moddiscovery.ModFileParser/LOADING]: Considering mod file candidate /workspaces/mineserv/servidor_minecraft/mods/curios-forge-5.14.1+1.20.1.jar
[03Mar2026 00:25:33.934] [main/DEBUG] [net.minecraftforge.fml.loading.moddiscovery.ModFileInfo/LOADING]: Found valid mod file curios-forge-5.14.1+1.20.1.jar with {curios} mods - versions {5.14.1+1.20.1}
[03Mar2026 00:25:33.935] [main/DEBUG] [net.minecraftforge.fml.loading.moddiscovery.ModFileParser/LOADING]: Considering mod file candidate /workspaces/mineserv/servidor_minecraft/mods/Dungeon-Realm-1.20.1-1.1.7.jar
[03Mar2026 00:25:33.936] [main/DEBUG] [net.minecraftforge.fml.loading.moddiscovery.ModFileInfo/LOADING]: Found valid mod file Dungeon-Realm-1.20.1-1.1.7.jar with {dungeon_realm} mods - versions {1.1.7}
[03Mar2026 00:25:33.939] [main/DEBUG] [net.minecraftforge.fml.loading.moddiscovery.ModFileParser/LOADING]: Considering mod file candidate /workspaces/mineserv/servidor_minecraft/mods/dungeons-and-taverns-3.0.3.f[Forge].jar
[03Mar2026 00:25:33.940] [main/DEBUG] [net.minecraftforge.fml.loading.moddiscovery.ModFileInfo/LOADING]: Found valid mod file dungeons-and-taverns-3.0.3.f[Forge].jar with {mr_dungeons_andtaverns} mods - versions {3.0.3.f}
[03Mar2026 00:25:33.942] [main/DEBUG] [net.minecraftforge.fml.loading.moddiscovery.ModFileParser/LOADING]: Considering mod file candidate /workspaces/mineserv/servidor_minecraft/mods/geckolib-forge-1.20.1-4.8.3 (1).jar
[03Mar2026 00:25:33.943] [main/DEBUG] [net.minecraftforge.fml.loading.moddiscovery.ModFileInfo/LOADING]: Found valid mod file geckolib-forge-1.20.1-4.8.3 (1).jar with {geckolib} mods - versions {4.8.3}
[03Mar2026 00:25:33.944] [main/DEBUG] [net.minecraftforge.fml.loading.moddiscovery.ModFileParser/LOADING]: Considering mod file candidate /workspaces/mineserv/servidor_minecraft/mods/improvedmobs-1.20.1-1.13.6-forge.jar
[03Mar2026 00:25:33.945] [main/DEBUG] [net.minecraftforge.fml.loading.moddiscovery.ModFileInfo/LOADING]: Found valid mod file improvedmobs-1.20.1-1.13.6-forge.jar with {improvedmobs} mods - versions {1.20.1-1.13.6}
[03Mar2026 00:25:33.946] [main/DEBUG] [net.minecraftforge.fml.loading.moddiscovery.ModFileParser/LOADING]: Considering mod file candidate /workspaces/mineserv/servidor_minecraft/mods/Library_of_Exile-1.20.1-2.1.5.jar
[03Mar2026 00:25:33.946] [main/DEBUG] [net.minecraftforge.fml.loading.moddiscovery.ModFileInfo/LOADING]: Found valid mod file Library_of_Exile-1.20.1-2.1.5.jar with {library_of_exile} mods - versions {2.1.5}
[03Mar2026 00:25:33.951] [main/DEBUG] [net.minecraftforge.fml.loading.moddiscovery.ModFileParser/LOADING]: Considering mod file candidate /workspaces/mineserv/servidor_minecraft/mods/Mine_and_Slash-1.20.1-6.3.14.jar
[03Mar2026 00:25:33.952] [main/DEBUG] [net.minecraftforge.fml.loading.moddiscovery.ModFileInfo/LOADING]: Found valid mod file Mine_and_Slash-1.20.1-6.3.14.jar with {mmorpg} mods - versions {6.3.14}
[03Mar2026 00:25:33.956] [main/DEBUG] [net.minecraftforge.fml.loading.moddiscovery.ModFileParser/LOADING]: Considering mod file candidate /workspaces/mineserv/servidor_minecraft/mods/MutantMonsters-v8.0.8-1.20.1-Forge.jar
[03Mar2026 00:25:33.957] [main/DEBUG] [net.minecraftforge.fml.loading.moddiscovery.ModFileInfo/LOADING]: Found valid mod file MutantMonsters-v8.0.8-1.20.1-Forge.jar with {mutantmonsters} mods - versions {8.0.8}
[03Mar2026 00:25:33.958] [main/DEBUG] [net.minecraftforge.fml.loading.moddiscovery.ModFileParser/LOADING]: Considering mod file candidate /workspaces/mineserv/servidor_minecraft/mods/Platform-forge-1.20.1-1.2.11.5.jar
[03Mar2026 00:25:33.959] [main/DEBUG] [net.minecraftforge.fml.loading.moddiscovery.ModFileInfo/LOADING]: Found valid mod file Platform-forge-1.20.1-1.2.11.5.jar with {platform} mods - versions {1.2.11.5}
[03Mar2026 00:25:33.959] [main/DEBUG] [net.minecraftforge.fml.loading.moddiscovery.ModFileParser/LOADING]: Considering mod file candidate /workspaces/mineserv/servidor_minecraft/mods/player-animation-lib-forge-1.0.2-rc1+1.20 (1).jar
[03Mar2026 00:25:33.960] [main/DEBUG] [net.minecraftforge.fml.loading.moddiscovery.ModFileInfo/LOADING]: Found valid mod file player-animation-lib-forge-1.0.2-rc1+1.20 (1).jar with {playeranimator} mods - versions {1.0.2-rc1+1.20}
[03Mar2026 00:25:33.971] [main/DEBUG] [net.minecraftforge.fml.loading.moddiscovery.ModFileParser/LOADING]: Considering mod file candidate /workspaces/mineserv/servidor_minecraft/mods/PuzzlesLib-v8.1.33-1.20.1-Forge.jar
[03Mar2026 00:25:33.972] [main/DEBUG] [net.minecraftforge.fml.loading.moddiscovery.ModFileInfo/LOADING]: Found valid mod file PuzzlesLib-v8.1.33-1.20.1-Forge.jar with {puzzleslib} mods - versions {8.1.33}
[03Mar2026 00:25:33.974] [main/DEBUG] [net.minecraftforge.fml.loading.moddiscovery.ModFileParser/LOADING]: Considering mod file candidate /workspaces/mineserv/servidor_minecraft/mods/rottencreatures-forge-1.20.1-1.1.0.jar
[03Mar2026 00:25:33.975] [main/DEBUG] [net.minecraftforge.fml.loading.moddiscovery.ModFileInfo/LOADING]: Found valid mod file rottencreatures-forge-1.20.1-1.1.0.jar with {rottencreatures} mods - versions {1.1.0}
[03Mar2026 00:25:33.976] [main/DEBUG] [net.minecraftforge.fml.loading.moddiscovery.ModFileParser/LOADING]: Considering mod file candidate /workspaces/mineserv/servidor_minecraft/mods/sophisticatedbackpacks-1.20.1-3.24.20.1500.jar
[03Mar2026 00:25:33.977] [main/DEBUG] [net.minecraftforge.fml.loading.moddiscovery.ModFileInfo/LOADING]: Found valid mod file sophisticatedbackpacks-1.20.1-3.24.20.1500.jar with {sophisticatedbackpacks} mods - versions {3.24.20.1500}
[03Mar2026 00:25:33.978] [main/DEBUG] [net.minecraftforge.fml.loading.moddiscovery.ModFileParser/LOADING]: Considering mod file candidate /workspaces/mineserv/servidor_minecraft/mods/sophisticatedcore-1.20.1-1.3.1.1460.jar
[03Mar2026 00:25:33.979] [main/DEBUG] [net.minecraftforge.fml.loading.moddiscovery.ModFileInfo/LOADING]: Found valid mod file sophisticatedcore-1.20.1-1.3.1.1460.jar with {sophisticatedcore} mods - versions {1.3.1.1460}
[03Mar2026 00:25:33.980] [main/DEBUG] [net.minecraftforge.fml.loading.moddiscovery.ModFileParser/LOADING]: Considering mod file candidate /workspaces/mineserv/servidor_minecraft/mods/tenshilib-1.20.1-1.7.6-forge.jar
[03Mar2026 00:25:33.981] [main/DEBUG] [net.minecraftforge.fml.loading.moddiscovery.ModFileInfo/LOADING]: Found valid mod file tenshilib-1.20.1-1.7.6-forge.jar with {tenshilib} mods - versions {1.20.1-1.7.6}
[03Mar2026 00:25:33.981] [main/DEBUG] [net.minecraftforge.fml.loading.moddiscovery.ModFileParser/LOADING]: Considering mod file candidate /workspaces/mineserv/servidor_minecraft/mods/The-Harvest-1.20.1-1.1.3.jar
[03Mar2026 00:25:33.982] [main/DEBUG] [net.minecraftforge.fml.loading.moddiscovery.ModFileInfo/LOADING]: Found valid mod file The-Harvest-1.20.1-1.1.3.jar with {the_harvest} mods - versions {1.1.3}
[03Mar2026 00:25:34.092] [main/DEBUG] [net.minecraftforge.fml.loading.moddiscovery.ModFileInfo/LOADING]: Found valid mod file server-1.20.1-20230612.114412-srg.jar with {minecraft} mods - versions {1.20.1}
[03Mar2026 00:25:34.096] [main/DEBUG] [net.minecraftforge.fml.loading.moddiscovery.ModFileParser/LOADING]: Considering mod file candidate /workspaces/mineserv/servidor_minecraft/libraries/net/minecraftforge/fmlcore/1.20.1-47.3.7/fmlcore-1.20.1-47.3.7.jar
[03Mar2026 00:25:34.096] [main/WARN] [net.minecraftforge.fml.loading.moddiscovery.ModFileParser/LOADING]: Mod file /workspaces/mineserv/servidor_minecraft/libraries/net/minecraftforge/fmlcore/1.20.1-47.3.7/fmlcore-1.20.1-47.3.7.jar is missing mods.toml file
[03Mar2026 00:25:34.098] [main/DEBUG] [net.minecraftforge.fml.loading.moddiscovery.ModFileParser/LOADING]: Considering mod file candidate /workspaces/mineserv/servidor_minecraft/libraries/net/minecraftforge/javafmllanguage/1.20.1-47.3.7/javafmllanguage-1.20.1-47.3.7.jar
[03Mar2026 00:25:34.098] [main/WARN] [net.minecraftforge.fml.loading.moddiscovery.ModFileParser/LOADING]: Mod file /workspaces/mineserv/servidor_minecraft/libraries/net/minecraftforge/javafmllanguage/1.20.1-47.3.7/javafmllanguage-1.20.1-47.3.7.jar is missing mods.toml file
[03Mar2026 00:25:34.100] [main/DEBUG] [net.minecraftforge.fml.loading.moddiscovery.ModFileParser/LOADING]: Considering mod file candidate /workspaces/mineserv/servidor_minecraft/libraries/net/minecraftforge/lowcodelanguage/1.20.1-47.3.7/lowcodelanguage-1.20.1-47.3.7.jar
[03Mar2026 00:25:34.100] [main/WARN] [net.minecraftforge.fml.loading.moddiscovery.ModFileParser/LOADING]: Mod file /workspaces/mineserv/servidor_minecraft/libraries/net/minecraftforge/lowcodelanguage/1.20.1-47.3.7/lowcodelanguage-1.20.1-47.3.7.jar is missing mods.toml file
[03Mar2026 00:25:34.102] [main/DEBUG] [net.minecraftforge.fml.loading.moddiscovery.ModFileParser/LOADING]: Considering mod file candidate /workspaces/mineserv/servidor_minecraft/libraries/net/minecraftforge/mclanguage/1.20.1-47.3.7/mclanguage-1.20.1-47.3.7.jar
[03Mar2026 00:25:34.102] [main/WARN] [net.minecraftforge.fml.loading.moddiscovery.ModFileParser/LOADING]: Mod file /workspaces/mineserv/servidor_minecraft/libraries/net/minecraftforge/mclanguage/1.20.1-47.3.7/mclanguage-1.20.1-47.3.7.jar is missing mods.toml file
[03Mar2026 00:25:34.156] [main/DEBUG] [net.minecraftforge.fml.loading.moddiscovery.ModFileParser/LOADING]: Considering mod file candidate /workspaces/mineserv/servidor_minecraft/libraries/net/minecraftforge/forge/1.20.1-47.3.7/forge-1.20.1-47.3.7-universal.jar
[03Mar2026 00:25:34.157] [main/DEBUG] [net.minecraftforge.fml.loading.moddiscovery.ModFileInfo/LOADING]: Found valid mod file forge-1.20.1-47.3.7-universal.jar with {forge} mods - versions {47.3.7}
[03Mar2026 00:25:34.174] [main/DEBUG] [net.minecraftforge.fml.loading.moddiscovery.AbstractJarFileDependencyLocator/]: Failed to load resource META-INF/jarjar/metadata.json from server-1.20.1-20230612.114412-srg.jar, it does not contain dependency information.
[03Mar2026 00:25:34.174] [main/DEBUG] [net.minecraftforge.fml.loading.moddiscovery.AbstractJarFileDependencyLocator/]: Failed to load resource META-INF/jarjar/metadata.json from tenshilib-1.20.1-1.7.6-forge.jar, it does not contain dependency information.
[03Mar2026 00:25:34.174] [main/DEBUG] [net.minecraftforge.fml.loading.moddiscovery.AbstractJarFileDependencyLocator/]: Failed to load resource META-INF/jarjar/metadata.json from dungeons-and-taverns-3.0.3.f[Forge].jar, it does not contain dependency information.
[03Mar2026 00:25:34.174] [main/DEBUG] [net.minecraftforge.fml.loading.moddiscovery.AbstractJarFileDependencyLocator/]: Failed to load resource META-INF/jarjar/metadata.json from Library_of_Exile-1.20.1-2.1.5.jar, it does not contain dependency information.
[03Mar2026 00:25:34.175] [main/DEBUG] [net.minecraftforge.fml.loading.moddiscovery.AbstractJarFileDependencyLocator/]: Failed to load resource META-INF/jarjar/metadata.json from sophisticatedbackpacks-1.20.1-3.24.20.1500.jar, it does not contain dependency information.
[03Mar2026 00:25:34.175] [main/DEBUG] [net.minecraftforge.fml.loading.moddiscovery.AbstractJarFileDependencyLocator/]: Failed to load resource META-INF/jarjar/metadata.json from The-Harvest-1.20.1-1.1.3.jar, it does not contain dependency information.
[03Mar2026 00:25:34.175] [main/DEBUG] [net.minecraftforge.fml.loading.moddiscovery.AbstractJarFileDependencyLocator/]: Failed to load resource META-INF/jarjar/metadata.json from Ancient-Obelisks-1.20.1-1.2.3.jar, it does not contain dependency information.
[03Mar2026 00:25:34.175] [main/DEBUG] [net.minecraftforge.fml.loading.moddiscovery.AbstractJarFileDependencyLocator/]: Failed to load resource META-INF/jarjar/metadata.json from player-animation-lib-forge-1.0.2-rc1+1.20 (1).jar, it does not contain dependency information.
[03Mar2026 00:25:34.175] [main/DEBUG] [net.minecraftforge.fml.loading.moddiscovery.AbstractJarFileDependencyLocator/]: Failed to load resource META-INF/jarjar/metadata.json from Chunky-1.3.146.jar, it does not contain dependency information.
[03Mar2026 00:25:34.175] [main/DEBUG] [net.minecraftforge.fml.loading.moddiscovery.AbstractJarFileDependencyLocator/]: Failed to load resource META-INF/jarjar/metadata.json from Platform-forge-1.20.1-1.2.11.5.jar, it does not contain dependency information.
[03Mar2026 00:25:34.175] [main/DEBUG] [net.minecraftforge.fml.loading.moddiscovery.AbstractJarFileDependencyLocator/]: Failed to load resource META-INF/jarjar/metadata.json from Mine_and_Slash-1.20.1-6.3.14.jar, it does not contain dependency information.
[03Mar2026 00:25:34.176] [main/DEBUG] [net.minecraftforge.fml.loading.moddiscovery.AbstractJarFileDependencyLocator/]: Failed to load resource META-INF/jarjar/metadata.json from born_in_chaos_[Forge]1.20.1_1.7.4.jar, it does not contain dependency information.
[03Mar2026 00:25:34.176] [main/DEBUG] [net.minecraftforge.fml.loading.moddiscovery.AbstractJarFileDependencyLocator/]: Failed to load resource META-INF/jarjar/metadata.json from cloth-config-11.1.136-forge.jar, it does not contain dependency information.
[03Mar2026 00:25:34.176] [main/DEBUG] [net.minecraftforge.fml.loading.moddiscovery.AbstractJarFileDependencyLocator/]: Failed to load resource META-INF/jarjar/metadata.json from forge-1.20.1-47.3.7-universal.jar, it does not contain dependency information.
[03Mar2026 00:25:34.176] [main/DEBUG] [net.minecraftforge.fml.loading.moddiscovery.AbstractJarFileDependencyLocator/]: Failed to load resource META-INF/jarjar/metadata.json from rottencreatures-forge-1.20.1-1.1.0.jar, it does not contain dependency information.
[03Mar2026 00:25:34.176] [main/DEBUG] [net.minecraftforge.fml.loading.moddiscovery.AbstractJarFileDependencyLocator/]: Failed to load resource META-INF/jarjar/metadata.json from sophisticatedcore-1.20.1-1.3.1.1460.jar, it does not contain dependency information.
[03Mar2026 00:25:34.176] [main/DEBUG] [net.minecraftforge.fml.loading.moddiscovery.AbstractJarFileDependencyLocator/]: Failed to load resource META-INF/jarjar/metadata.json from improvedmobs-1.20.1-1.13.6-forge.jar, it does not contain dependency information.
[03Mar2026 00:25:34.176] [main/DEBUG] [net.minecraftforge.fml.loading.moddiscovery.AbstractJarFileDependencyLocator/]: Failed to load resource META-INF/jarjar/metadata.json from Dungeon-Realm-1.20.1-1.1.7.jar, it does not contain dependency information.
[03Mar2026 00:25:34.176] [main/DEBUG] [net.minecraftforge.fml.loading.moddiscovery.AbstractJarFileDependencyLocator/]: Failed to load resource META-INF/jarjar/metadata.json from curios-forge-5.14.1+1.20.1.jar, it does not contain dependency information.
[03Mar2026 00:25:34.177] [main/DEBUG] [net.minecraftforge.fml.loading.moddiscovery.AbstractJarFileDependencyLocator/]: Failed to load resource META-INF/jarjar/metadata.json from mclanguage-1.20.1-47.3.7.jar, it does not contain dependency information.
[03Mar2026 00:25:34.177] [main/DEBUG] [net.minecraftforge.fml.loading.moddiscovery.AbstractJarFileDependencyLocator/]: Failed to load resource META-INF/jarjar/metadata.json from javafmllanguage-1.20.1-47.3.7.jar, it does not contain dependency information.
[03Mar2026 00:25:34.177] [main/DEBUG] [net.minecraftforge.fml.loading.moddiscovery.AbstractJarFileDependencyLocator/]: Failed to load resource META-INF/jarjar/metadata.json from fmlcore-1.20.1-47.3.7.jar, it does not contain dependency information.
[03Mar2026 00:25:34.177] [main/DEBUG] [net.minecraftforge.fml.loading.moddiscovery.AbstractJarFileDependencyLocator/]: Failed to load resource META-INF/jarjar/metadata.json from lowcodelanguage-1.20.1-47.3.7.jar, it does not contain dependency information.
[03Mar2026 00:25:34.228] [main/DEBUG] [net.minecraftforge.fml.loading.moddiscovery.ModFileParser/LOADING]: Considering mod file candidate 
[03Mar2026 00:25:34.229] [main/DEBUG] [net.minecraftforge.fml.loading.moddiscovery.ModFileInfo/LOADING]: Found valid mod file puzzlesaccessapi-forge-20.1.1.jar with {puzzlesaccessapi} mods - versions {20.1.1}
[03Mar2026 00:25:34.231] [main/DEBUG] [net.minecraftforge.fml.loading.moddiscovery.ModFileParser/LOADING]: Considering mod file candidate 
[03Mar2026 00:25:34.232] [main/DEBUG] [net.minecraftforge.fml.loading.moddiscovery.ModFileInfo/LOADING]: Found valid mod file mixinextras-forge-0.4.1.jar with {mixinextras} mods - versions {0.4.1}
[03Mar2026 00:25:34.232] [main/DEBUG] [net.minecraftforge.fml.loading.moddiscovery.AbstractJarFileDependencyLocator/]: Failed to load resource META-INF/jarjar/metadata.json from mclib-20.jar, it does not contain dependency information.
[03Mar2026 00:25:34.233] [main/DEBUG] [net.minecraftforge.fml.loading.moddiscovery.AbstractJarFileDependencyLocator/]: Failed to load resource META-INF/jarjar/metadata.json from puzzlesaccessapi-forge-20.1.1.jar, it does not contain dependency information.
[03Mar2026 00:25:34.240] [main/DEBUG] [net.minecraftforge.fml.loading.moddiscovery.AbstractJarFileDependencyLocator/]: Failed to load resource META-INF/jarjar/metadata.json from MixinExtras-0.4.1.jar, it does not contain dependency information.
[03Mar2026 00:25:34.268] [main/DEBUG] [net.minecraftforge.fml.loading.moddiscovery.ModFileParser/LOADING]: Considering mod file candidate 
[03Mar2026 00:25:34.269] [main/DEBUG] [net.minecraftforge.fml.loading.moddiscovery.ModFileInfo/LOADING]: Found valid mod file puzzlesaccessapi-forge-20.1.1.jar with {puzzlesaccessapi} mods - versions {20.1.1}
[03Mar2026 00:25:34.277] [main/DEBUG] [net.minecraftforge.fml.loading.moddiscovery.ModFileParser/LOADING]: Considering mod file candidate 
[03Mar2026 00:25:34.278] [main/DEBUG] [net.minecraftforge.fml.loading.moddiscovery.ModFileInfo/LOADING]: Found valid mod file mixinextras-forge-0.4.1.jar with {mixinextras} mods - versions {0.4.1}
[03Mar2026 00:25:34.280] [main/INFO] [net.minecraftforge.fml.loading.moddiscovery.JarInJarDependencyLocator/]: Found 4 dependencies adding them to mods collection
[03Mar2026 00:25:34.282] [main/DEBUG] [net.minecraftforge.fml.loading.moddiscovery.ModFileParser/LOADING]: Considering mod file candidate /workspaces/mineserv/servidor_minecraft/mods/tenshilib-1.20.1-1.7.6-forge.jar
[03Mar2026 00:25:34.283] [main/DEBUG] [net.minecraftforge.fml.loading.moddiscovery.ModFileInfo/LOADING]: Found valid mod file tenshilib-1.20.1-1.7.6-forge.jar with {tenshilib} mods - versions {1.20.1-1.7.6}
[03Mar2026 00:25:34.285] [main/DEBUG] [net.minecraftforge.fml.loading.moddiscovery.ModFile/LOADING]: Loading mod file /workspaces/mineserv/servidor_minecraft/mods/tenshilib-1.20.1-1.7.6-forge.jar with languages [LanguageSpec[languageName=javafml, acceptedVersions=[0.14.21,)]]
[03Mar2026 00:25:34.286] [main/DEBUG] [net.minecraftforge.fml.loading.moddiscovery.ModFileInfo/LOADING]: Found valid mod file server-1.20.1-20230612.114412-srg.jar with {minecraft} mods - versions {1.20.1}
[03Mar2026 00:25:34.286] [main/DEBUG] [net.minecraftforge.fml.loading.moddiscovery.ModFile/LOADING]: Loading mod file /workspaces/mineserv/servidor_minecraft/libraries/net/minecraft/server/1.20.1-20230612.114412/server-1.20.1-20230612.114412-srg.jar with languages [LanguageSpec[languageName=minecraft, acceptedVersions=1]]
[03Mar2026 00:25:34.287] [main/DEBUG] [net.minecraftforge.fml.loading.moddiscovery.ModFileParser/LOADING]: Considering mod file candidate /workspaces/mineserv/servidor_minecraft/mods/MutantMonsters-v8.0.8-1.20.1-Forge.jar
[03Mar2026 00:25:34.287] [main/DEBUG] [net.minecraftforge.fml.loading.moddiscovery.ModFileInfo/LOADING]: Found valid mod file MutantMonsters-v8.0.8-1.20.1-Forge.jar with {mutantmonsters} mods - versions {8.0.8}
[03Mar2026 00:25:34.287] [main/DEBUG] [net.minecraftforge.fml.loading.moddiscovery.ModFile/LOADING]: Loading mod file /workspaces/mineserv/servidor_minecraft/mods/MutantMonsters-v8.0.8-1.20.1-Forge.jar with languages [LanguageSpec[languageName=javafml, acceptedVersions=[47,)]]
[03Mar2026 00:25:34.288] [main/DEBUG] [net.minecraftforge.fml.loading.moddiscovery.ModFileParser/LOADING]: Considering mod file candidate /workspaces/mineserv/servidor_minecraft/mods/The-Harvest-1.20.1-1.1.3.jar
[03Mar2026 00:25:34.288] [main/DEBUG] [net.minecraftforge.fml.loading.moddiscovery.ModFileInfo/LOADING]: Found valid mod file The-Harvest-1.20.1-1.1.3.jar with {the_harvest} mods - versions {1.1.3}
[03Mar2026 00:25:34.288] [main/DEBUG] [net.minecraftforge.fml.loading.moddiscovery.ModFile/LOADING]: Loading mod file /workspaces/mineserv/servidor_minecraft/mods/The-Harvest-1.20.1-1.1.3.jar with languages [LanguageSpec[languageName=javafml, acceptedVersions=[36,)]]
[03Mar2026 00:25:34.289] [main/DEBUG] [net.minecraftforge.fml.loading.moddiscovery.ModFileParser/LOADING]: Considering mod file candidate /workspaces/mineserv/servidor_minecraft/mods/geckolib-forge-1.20.1-4.8.3 (1).jar
[03Mar2026 00:25:34.289] [main/DEBUG] [net.minecraftforge.fml.loading.moddiscovery.ModFileInfo/LOADING]: Found valid mod file geckolib-forge-1.20.1-4.8.3 (1).jar with {geckolib} mods - versions {4.8.3}
[03Mar2026 00:25:34.289] [main/DEBUG] [net.minecraftforge.fml.loading.moddiscovery.ModFile/LOADING]: Loading mod file /workspaces/mineserv/servidor_minecraft/mods/geckolib-forge-1.20.1-4.8.3 (1).jar with languages [LanguageSpec[languageName=javafml, acceptedVersions=[47,)]]
[03Mar2026 00:25:34.290] [main/DEBUG] [net.minecraftforge.fml.loading.moddiscovery.ModFileParser/LOADING]: Considering mod file candidate /workspaces/mineserv/servidor_minecraft/mods/Chunky-1.3.146.jar
[03Mar2026 00:25:34.290] [main/DEBUG] [net.minecraftforge.fml.loading.moddiscovery.ModFileInfo/LOADING]: Found valid mod file Chunky-1.3.146.jar with {chunky} mods - versions {1.3.146}
[03Mar2026 00:25:34.290] [main/DEBUG] [net.minecraftforge.fml.loading.moddiscovery.ModFile/LOADING]: Loading mod file /workspaces/mineserv/servidor_minecraft/mods/Chunky-1.3.146.jar with languages [LanguageSpec[languageName=javafml, acceptedVersions=[38,)]]
[03Mar2026 00:25:34.290] [main/DEBUG] [net.minecraftforge.fml.loading.moddiscovery.ModFileParser/LOADING]: Considering mod file candidate /workspaces/mineserv/servidor_minecraft/mods/player-animation-lib-forge-1.0.2-rc1+1.20 (1).jar
[03Mar2026 00:25:34.291] [main/DEBUG] [net.minecraftforge.fml.loading.moddiscovery.ModFileInfo/LOADING]: Found valid mod file player-animation-lib-forge-1.0.2-rc1+1.20 (1).jar with {playeranimator} mods - versions {1.0.2-rc1+1.20}
[03Mar2026 00:25:34.291] [main/DEBUG] [net.minecraftforge.fml.loading.moddiscovery.ModFile/LOADING]: Loading mod file /workspaces/mineserv/servidor_minecraft/mods/player-animation-lib-forge-1.0.2-rc1+1.20 (1).jar with languages [LanguageSpec[languageName=javafml, acceptedVersions=[46.0.0,)]]
[03Mar2026 00:25:34.292] [main/DEBUG] [net.minecraftforge.fml.loading.moddiscovery.ModFileParser/LOADING]: Considering mod file candidate /workspaces/mineserv/servidor_minecraft/mods/Mine_and_Slash-1.20.1-6.3.14.jar
[03Mar2026 00:25:34.292] [main/DEBUG] [net.minecraftforge.fml.loading.moddiscovery.ModFileInfo/LOADING]: Found valid mod file Mine_and_Slash-1.20.1-6.3.14.jar with {mmorpg} mods - versions {6.3.14}
[03Mar2026 00:25:34.293] [main/DEBUG] [net.minecraftforge.fml.loading.moddiscovery.ModFile/LOADING]: Loading mod file /workspaces/mineserv/servidor_minecraft/mods/Mine_and_Slash-1.20.1-6.3.14.jar with languages [LanguageSpec[languageName=javafml, acceptedVersions=[36,)]]
[03Mar2026 00:25:34.293] [main/DEBUG] [net.minecraftforge.fml.loading.moddiscovery.ModFileParser/LOADING]: Considering mod file candidate /workspaces/mineserv/servidor_minecraft/mods/Platform-forge-1.20.1-1.2.11.5.jar
[03Mar2026 00:25:34.293] [main/DEBUG] [net.minecraftforge.fml.loading.moddiscovery.ModFileInfo/LOADING]: Found valid mod file Platform-forge-1.20.1-1.2.11.5.jar with {platform} mods - versions {1.2.11.5}
[03Mar2026 00:25:34.293] [main/DEBUG] [net.minecraftforge.fml.loading.moddiscovery.ModFile/LOADING]: Loading mod file /workspaces/mineserv/servidor_minecraft/mods/Platform-forge-1.20.1-1.2.11.5.jar with languages [LanguageSpec[languageName=javafml, acceptedVersions=[39,)]]
[03Mar2026 00:25:34.294] [main/DEBUG] [net.minecraftforge.fml.loading.moddiscovery.ModFileParser/LOADING]: Considering mod file candidate /workspaces/mineserv/servidor_minecraft/mods/born_in_chaos_[Forge]1.20.1_1.7.4.jar
[03Mar2026 00:25:34.294] [main/DEBUG] [net.minecraftforge.fml.loading.moddiscovery.ModFileInfo/LOADING]: Found valid mod file born_in_chaos_[Forge]1.20.1_1.7.4.jar with {born_in_chaos_v1} mods - versions {1.7.3}
[03Mar2026 00:25:34.294] [main/DEBUG] [net.minecraftforge.fml.loading.moddiscovery.ModFile/LOADING]: Loading mod file /workspaces/mineserv/servidor_minecraft/mods/born_in_chaos_[Forge]1.20.1_1.7.4.jar with languages [LanguageSpec[languageName=javafml, acceptedVersions=[47,)]]
[03Mar2026 00:25:34.294] [main/DEBUG] [net.minecraftforge.fml.loading.moddiscovery.ModFileParser/LOADING]: Considering mod file candidate /workspaces/mineserv/servidor_minecraft/mods/rottencreatures-forge-1.20.1-1.1.0.jar
[03Mar2026 00:25:34.295] [main/DEBUG] [net.minecraftforge.fml.loading.moddiscovery.ModFileInfo/LOADING]: Found valid mod file rottencreatures-forge-1.20.1-1.1.0.jar with {rottencreatures} mods - versions {1.1.0}
[03Mar2026 00:25:34.295] [main/DEBUG] [net.minecraftforge.fml.loading.moddiscovery.ModFile/LOADING]: Loading mod file /workspaces/mineserv/servidor_minecraft/mods/rottencreatures-forge-1.20.1-1.1.0.jar with languages [LanguageSpec[languageName=javafml, acceptedVersions=[47,)]]
[03Mar2026 00:25:34.295] [main/DEBUG] [net.minecraftforge.fml.loading.moddiscovery.ModFileParser/LOADING]: Considering mod file candidate /workspaces/mineserv/servidor_minecraft/mods/sophisticatedcore-1.20.1-1.3.1.1460.jar
[03Mar2026 00:25:34.296] [main/DEBUG] [net.minecraftforge.fml.loading.moddiscovery.ModFileInfo/LOADING]: Found valid mod file sophisticatedcore-1.20.1-1.3.1.1460.jar with {sophisticatedcore} mods - versions {1.3.1.1460}
[03Mar2026 00:25:34.296] [main/DEBUG] [net.minecraftforge.fml.loading.moddiscovery.ModFile/LOADING]: Loading mod file /workspaces/mineserv/servidor_minecraft/mods/sophisticatedcore-1.20.1-1.3.1.1460.jar with languages [LanguageSpec[languageName=javafml, acceptedVersions=[47,)]]
[03Mar2026 00:25:34.297] [main/DEBUG] [net.minecraftforge.fml.loading.moddiscovery.ModFileParser/LOADING]: Considering mod file candidate /workspaces/mineserv/servidor_minecraft/mods/curios-forge-5.14.1+1.20.1.jar
[03Mar2026 00:25:34.297] [main/DEBUG] [net.minecraftforge.fml.loading.moddiscovery.ModFileInfo/LOADING]: Found valid mod file curios-forge-5.14.1+1.20.1.jar with {curios} mods - versions {5.14.1+1.20.1}
[03Mar2026 00:25:34.297] [main/DEBUG] [net.minecraftforge.fml.loading.moddiscovery.ModFile/LOADING]: Loading mod file /workspaces/mineserv/servidor_minecraft/mods/curios-forge-5.14.1+1.20.1.jar with languages [LanguageSpec[languageName=javafml, acceptedVersions=[41,)]]
[03Mar2026 00:25:34.297] [main/DEBUG] [net.minecraftforge.fml.loading.moddiscovery.ModFileParser/LOADING]: Considering mod file candidate /workspaces/mineserv/servidor_minecraft/mods/Dungeon-Realm-1.20.1-1.1.7.jar
[03Mar2026 00:25:34.298] [main/DEBUG] [net.minecraftforge.fml.loading.moddiscovery.ModFileInfo/LOADING]: Found valid mod file Dungeon-Realm-1.20.1-1.1.7.jar with {dungeon_realm} mods - versions {1.1.7}
[03Mar2026 00:25:34.298] [main/DEBUG] [net.minecraftforge.fml.loading.moddiscovery.ModFile/LOADING]: Loading mod file /workspaces/mineserv/servidor_minecraft/mods/Dungeon-Realm-1.20.1-1.1.7.jar with languages [LanguageSpec[languageName=javafml, acceptedVersions=[36,)]]
[03Mar2026 00:25:34.298] [main/DEBUG] [net.minecraftforge.fml.loading.moddiscovery.ModFileParser/LOADING]: Considering mod file candidate /workspaces/mineserv/servidor_minecraft/mods/dungeons-and-taverns-3.0.3.f[Forge].jar
[03Mar2026 00:25:34.299] [main/DEBUG] [net.minecraftforge.fml.loading.moddiscovery.ModFileInfo/LOADING]: Found valid mod file dungeons-and-taverns-3.0.3.f[Forge].jar with {mr_dungeons_andtaverns} mods - versions {3.0.3.f}
[03Mar2026 00:25:34.299] [main/DEBUG] [net.minecraftforge.fml.loading.moddiscovery.ModFile/LOADING]: Loading mod file /workspaces/mineserv/servidor_minecraft/mods/dungeons-and-taverns-3.0.3.f[Forge].jar with languages [LanguageSpec[languageName=lowcodefml, acceptedVersions=[40,)]]
[03Mar2026 00:25:34.299] [main/DEBUG] [net.minecraftforge.fml.loading.moddiscovery.ModFileParser/LOADING]: Considering mod file candidate /workspaces/mineserv/servidor_minecraft/mods/Library_of_Exile-1.20.1-2.1.5.jar
[03Mar2026 00:25:34.300] [main/DEBUG] [net.minecraftforge.fml.loading.moddiscovery.ModFileInfo/LOADING]: Found valid mod file Library_of_Exile-1.20.1-2.1.5.jar with {library_of_exile} mods - versions {2.1.5}
[03Mar2026 00:25:34.300] [main/DEBUG] [net.minecraftforge.fml.loading.moddiscovery.ModFile/LOADING]: Loading mod file /workspaces/mineserv/servidor_minecraft/mods/Library_of_Exile-1.20.1-2.1.5.jar with languages [LanguageSpec[languageName=javafml, acceptedVersions=[36,)]]
[03Mar2026 00:25:34.300] [main/DEBUG] [net.minecraftforge.fml.loading.moddiscovery.ModFileParser/LOADING]: Considering mod file candidate /workspaces/mineserv/servidor_minecraft/mods/sophisticatedbackpacks-1.20.1-3.24.20.1500.jar
[03Mar2026 00:25:34.301] [main/DEBUG] [net.minecraftforge.fml.loading.moddiscovery.ModFileInfo/LOADING]: Found valid mod file sophisticatedbackpacks-1.20.1-3.24.20.1500.jar with {sophisticatedbackpacks} mods - versions {3.24.20.1500}
[03Mar2026 00:25:34.301] [main/DEBUG] [net.minecraftforge.fml.loading.moddiscovery.ModFile/LOADING]: Loading mod file /workspaces/mineserv/servidor_minecraft/mods/sophisticatedbackpacks-1.20.1-3.24.20.1500.jar with languages [LanguageSpec[languageName=javafml, acceptedVersions=[47,)]]
[03Mar2026 00:25:34.301] [main/DEBUG] [net.minecraftforge.fml.loading.moddiscovery.ModFileParser/LOADING]: Considering mod file candidate /workspaces/mineserv/servidor_minecraft/mods/Ancient-Obelisks-1.20.1-1.2.3.jar
[03Mar2026 00:25:34.302] [main/DEBUG] [net.minecraftforge.fml.loading.moddiscovery.ModFileInfo/LOADING]: Found valid mod file Ancient-Obelisks-1.20.1-1.2.3.jar with {ancient_obelisks} mods - versions {1.2.3}
[03Mar2026 00:25:34.302] [main/DEBUG] [net.minecraftforge.fml.loading.moddiscovery.ModFile/LOADING]: Loading mod file /workspaces/mineserv/servidor_minecraft/mods/Ancient-Obelisks-1.20.1-1.2.3.jar with languages [LanguageSpec[languageName=javafml, acceptedVersions=[36,)]]
[03Mar2026 00:25:34.302] [main/DEBUG] [net.minecraftforge.fml.loading.moddiscovery.ModFileParser/LOADING]: Considering mod file candidate /workspaces/mineserv/servidor_minecraft/mods/PuzzlesLib-v8.1.33-1.20.1-Forge.jar
[03Mar2026 00:25:34.303] [main/DEBUG] [net.minecraftforge.fml.loading.moddiscovery.ModFileInfo/LOADING]: Found valid mod file PuzzlesLib-v8.1.33-1.20.1-Forge.jar with {puzzleslib} mods - versions {8.1.33}
[03Mar2026 00:25:34.303] [main/DEBUG] [net.minecraftforge.fml.loading.moddiscovery.ModFile/LOADING]: Loading mod file /workspaces/mineserv/servidor_minecraft/mods/PuzzlesLib-v8.1.33-1.20.1-Forge.jar with languages [LanguageSpec[languageName=javafml, acceptedVersions=[47,)]]
[03Mar2026 00:25:34.303] [main/DEBUG] [net.minecraftforge.fml.loading.moddiscovery.ModFileParser/LOADING]: Considering mod file candidate 
[03Mar2026 00:25:34.304] [main/DEBUG] [net.minecraftforge.fml.loading.moddiscovery.ModFileInfo/LOADING]: Found valid mod file puzzlesaccessapi-forge-20.1.1.jar with {puzzlesaccessapi} mods - versions {20.1.1}
[03Mar2026 00:25:34.304] [main/DEBUG] [net.minecraftforge.fml.loading.moddiscovery.ModFile/LOADING]: Loading mod file  with languages [LanguageSpec[languageName=javafml, acceptedVersions=*]]
[03Mar2026 00:25:34.304] [main/DEBUG] [net.minecraftforge.fml.loading.moddiscovery.ModFileParser/LOADING]: Considering mod file candidate /workspaces/mineserv/servidor_minecraft/mods/cloth-config-11.1.136-forge.jar
[03Mar2026 00:25:34.305] [main/DEBUG] [net.minecraftforge.fml.loading.moddiscovery.ModFileInfo/LOADING]: Found valid mod file cloth-config-11.1.136-forge.jar with {cloth_config} mods - versions {11.1.136}
[03Mar2026 00:25:34.305] [main/DEBUG] [net.minecraftforge.fml.loading.moddiscovery.ModFile/LOADING]: Loading mod file /workspaces/mineserv/servidor_minecraft/mods/cloth-config-11.1.136-forge.jar with languages [LanguageSpec[languageName=javafml, acceptedVersions=[34,)]]
[03Mar2026 00:25:34.305] [main/DEBUG] [net.minecraftforge.fml.loading.moddiscovery.ModFileParser/LOADING]: Considering mod file candidate /workspaces/mineserv/servidor_minecraft/libraries/net/minecraftforge/forge/1.20.1-47.3.7/forge-1.20.1-47.3.7-universal.jar
[03Mar2026 00:25:34.305] [main/DEBUG] [net.minecraftforge.fml.loading.moddiscovery.ModFileInfo/LOADING]: Found valid mod file forge-1.20.1-47.3.7-universal.jar with {forge} mods - versions {47.3.7}
[03Mar2026 00:25:34.306] [main/DEBUG] [net.minecraftforge.fml.loading.moddiscovery.ModFile/LOADING]: Loading mod file /workspaces/mineserv/servidor_minecraft/libraries/net/minecraftforge/forge/1.20.1-47.3.7/forge-1.20.1-47.3.7-universal.jar with languages [LanguageSpec[languageName=javafml, acceptedVersions=[24,]]]
[03Mar2026 00:25:34.308] [main/DEBUG] [net.minecraftforge.fml.loading.moddiscovery.ModFileParser/LOADING]: Found coremod field_to_method with Javascript path coremods/field_to_method.js
[03Mar2026 00:25:34.308] [main/DEBUG] [net.minecraftforge.fml.loading.moddiscovery.ModFileParser/LOADING]: Found coremod field_to_instanceof with Javascript path coremods/field_to_instanceof.js
[03Mar2026 00:25:34.308] [main/DEBUG] [net.minecraftforge.fml.loading.moddiscovery.ModFileParser/LOADING]: Found coremod add_bouncer_method with Javascript path coremods/add_bouncer_method.js
[03Mar2026 00:25:34.308] [main/DEBUG] [net.minecraftforge.fml.loading.moddiscovery.ModFileParser/LOADING]: Found coremod method_redirector with Javascript path coremods/method_redirector.js
[03Mar2026 00:25:34.308] [main/DEBUG] [net.minecraftforge.fml.loading.moddiscovery.ModFile/LOADING]: Found coremod coremods/field_to_method.js
[03Mar2026 00:25:34.308] [main/DEBUG] [net.minecraftforge.fml.loading.moddiscovery.ModFile/LOADING]: Found coremod coremods/field_to_instanceof.js
[03Mar2026 00:25:34.308] [main/DEBUG] [net.minecraftforge.fml.loading.moddiscovery.ModFile/LOADING]: Found coremod coremods/add_bouncer_method.js
[03Mar2026 00:25:34.308] [main/DEBUG] [net.minecraftforge.fml.loading.moddiscovery.ModFile/LOADING]: Found coremod coremods/method_redirector.js
[03Mar2026 00:25:34.309] [main/DEBUG] [net.minecraftforge.fml.loading.moddiscovery.ModFileParser/LOADING]: Considering mod file candidate /workspaces/mineserv/servidor_minecraft/mods/improvedmobs-1.20.1-1.13.6-forge.jar
[03Mar2026 00:25:34.309] [main/DEBUG] [net.minecraftforge.fml.loading.moddiscovery.ModFileInfo/LOADING]: Found valid mod file improvedmobs-1.20.1-1.13.6-forge.jar with {improvedmobs} mods - versions {1.20.1-1.13.6}
[03Mar2026 00:25:34.309] [main/DEBUG] [net.minecraftforge.fml.loading.moddiscovery.ModFile/LOADING]: Loading mod file /workspaces/mineserv/servidor_minecraft/mods/improvedmobs-1.20.1-1.13.6-forge.jar with languages [LanguageSpec[languageName=javafml, acceptedVersions=[47,)]]
[03Mar2026 00:25:34.310] [main/DEBUG] [net.minecraftforge.fml.loading.moddiscovery.ModFile/LOADING]: Loading mod file  with languages []
[03Mar2026 00:25:34.310] [main/DEBUG] [net.minecraftforge.fml.loading.moddiscovery.ModFileParser/LOADING]: Considering mod file candidate 
[03Mar2026 00:25:34.310] [main/DEBUG] [net.minecraftforge.fml.loading.moddiscovery.ModFileInfo/LOADING]: Found valid mod file mixinextras-forge-0.4.1.jar with {mixinextras} mods - versions {0.4.1}
[03Mar2026 00:25:34.311] [main/DEBUG] [net.minecraftforge.fml.loading.moddiscovery.ModFile/LOADING]: Loading mod file  with languages [LanguageSpec[languageName=javafml, acceptedVersions=*]]
[03Mar2026 00:25:34.311] [main/DEBUG] [net.minecraftforge.fml.loading.moddiscovery.ModFile/LOADING]: Loading mod file  with languages []
[03Mar2026 00:25:34.311] [main/DEBUG] [net.minecraftforge.fml.loading.moddiscovery.ModFile/LOADING]: Loading mod file  with languages []
[03Mar2026 00:25:34.311] [main/DEBUG] [net.minecraftforge.fml.loading.moddiscovery.ModFileParser/LOADING]: Considering mod file candidate 
[03Mar2026 00:25:34.311] [main/DEBUG] [net.minecraftforge.fml.loading.moddiscovery.ModFileInfo/LOADING]: Found valid mod file mixinextras-forge-0.4.1.jar with {mixinextras} mods - versions {0.4.1}
[03Mar2026 00:25:34.312] [main/DEBUG] [net.minecraftforge.fml.loading.moddiscovery.ModFile/LOADING]: Loading mod file  with languages [LanguageSpec[languageName=javafml, acceptedVersions=*]]
[03Mar2026 00:25:34.312] [main/DEBUG] [net.minecraftforge.fml.loading.moddiscovery.ModFile/LOADING]: Loading mod file  with languages []
[03Mar2026 00:25:34.313] [main/DEBUG] [cpw.mods.modlauncher.TransformationServiceDecorator/MODLAUNCHER]: End scan trigger - transformation service fml
[03Mar2026 00:25:34.323] [main/DEBUG] [net.minecraftforge.fml.loading.LanguageLoadingProvider/CORE]: Found 3 language providers
[03Mar2026 00:25:34.324] [main/DEBUG] [net.minecraftforge.fml.loading.LanguageLoadingProvider/CORE]: Found language provider minecraft, version 1.0
[03Mar2026 00:25:34.325] [main/DEBUG] [net.minecraftforge.fml.loading.LanguageLoadingProvider/CORE]: Found language provider lowcodefml, version 47
[03Mar2026 00:25:34.325] [main/DEBUG] [net.minecraftforge.fml.loading.LanguageLoadingProvider/CORE]: Found language provider javafml, version 47
[03Mar2026 00:25:34.329] [main/DEBUG] [net.minecraftforge.fml.loading.UniqueModListBuilder/]: Found 2 mods for first modid mclib, selecting most recent based on version data
[03Mar2026 00:25:34.329] [main/DEBUG] [net.minecraftforge.fml.loading.UniqueModListBuilder/]: Selected file mclib-20.jar for modid mclib with version 0.0NONE
[03Mar2026 00:25:34.330] [main/DEBUG] [net.minecraftforge.fml.loading.UniqueModListBuilder/]: Found 2 mods for first modid mixinextras, selecting most recent based on version data
[03Mar2026 00:25:34.330] [main/DEBUG] [net.minecraftforge.fml.loading.UniqueModListBuilder/]: Selected file mixinextras-forge-0.4.1.jar for modid mixinextras with version 0.4.1
[03Mar2026 00:25:34.330] [main/DEBUG] [net.minecraftforge.fml.loading.UniqueModListBuilder/]: Found 2 mods for first modid MixinExtras, selecting most recent based on version data
[03Mar2026 00:25:34.330] [main/DEBUG] [net.minecraftforge.fml.loading.UniqueModListBuilder/]: Selected file MixinExtras-0.4.1.jar for modid MixinExtras with version 0.0NONE
[03Mar2026 00:25:34.332] [main/DEBUG] [net.minecraftforge.fml.loading.ModSorter/]: Configured system mods: [minecraft, forge]
[03Mar2026 00:25:34.332] [main/DEBUG] [net.minecraftforge.fml.loading.ModSorter/]: Found system mod: minecraft
[03Mar2026 00:25:34.332] [main/DEBUG] [net.minecraftforge.fml.loading.ModSorter/]: Found system mod: forge
[03Mar2026 00:25:34.334] [main/DEBUG] [net.minecraftforge.fml.loading.ModSorter/LOADING]: Found 52 mod requirements (49 mandatory, 3 optional)
[03Mar2026 00:25:34.335] [main/DEBUG] [net.minecraftforge.fml.loading.ModSorter/LOADING]: Found 0 mod requirements missing (0 mandatory, 0 optional)
[03Mar2026 00:25:34.764] [main/DEBUG] [cpw.mods.modlauncher.TransformationServicesHandler/MODLAUNCHER]: Transformation services loading transformers
[03Mar2026 00:25:34.765] [main/DEBUG] [cpw.mods.modlauncher.TransformationServiceDecorator/MODLAUNCHER]: Initializing transformers for transformation service mixin
[03Mar2026 00:25:34.765] [main/DEBUG] [cpw.mods.modlauncher.TransformationServiceDecorator/MODLAUNCHER]: Initialized transformers for transformation service mixin
[03Mar2026 00:25:34.765] [main/DEBUG] [cpw.mods.modlauncher.TransformationServiceDecorator/MODLAUNCHER]: Initializing transformers for transformation service fml
[03Mar2026 00:25:34.766] [main/DEBUG] [net.minecraftforge.fml.loading.FMLServiceProvider/CORE]: Loading coremod transformers
[03Mar2026 00:25:34.766] [main/DEBUG] [net.minecraftforge.coremod.CoreModEngine/COREMOD]: Loading CoreMod from coremods/field_to_method.js
[03Mar2026 00:25:34.953] [main/DEBUG] [net.minecraftforge.coremod.CoreModEngine/COREMOD]: CoreMod loaded successfully
[03Mar2026 00:25:34.954] [main/DEBUG] [net.minecraftforge.coremod.CoreModEngine/COREMOD]: Loading CoreMod from coremods/field_to_instanceof.js
[03Mar2026 00:25:35.021] [main/DEBUG] [net.minecraftforge.coremod.CoreModEngine/COREMOD]: CoreMod loaded successfully
[03Mar2026 00:25:35.022] [main/DEBUG] [net.minecraftforge.coremod.CoreModEngine/COREMOD]: Loading CoreMod from coremods/add_bouncer_method.js
[03Mar2026 00:25:35.075] [main/DEBUG] [net.minecraftforge.coremod.CoreModEngine/COREMOD]: CoreMod loaded successfully
[03Mar2026 00:25:35.076] [main/DEBUG] [net.minecraftforge.coremod.CoreModEngine/COREMOD]: Loading CoreMod from coremods/method_redirector.js
[03Mar2026 00:25:35.207] [main/DEBUG] [net.minecraftforge.coremod.CoreModEngine/COREMOD]: CoreMod loaded successfully
[03Mar2026 00:25:35.239] [main/DEBUG] [cpw.mods.modlauncher.TransformStore/MODLAUNCHER]: Adding transformer net.minecraftforge.coremod.transformer.CoreModClassTransformer@61f6d381 to Target : CLASS {Lnet/minecraft/world/level/biome/Biome;} {} {V}
[03Mar2026 00:25:35.242] [main/DEBUG] [cpw.mods.modlauncher.TransformStore/MODLAUNCHER]: Adding transformer net.minecraftforge.coremod.transformer.CoreModClassTransformer@5922d3e9 to Target : CLASS {Lnet/minecraft/world/level/levelgen/structure/Structure;} {} {V}
[03Mar2026 00:25:35.245] [main/DEBUG] [cpw.mods.modlauncher.TransformStore/MODLAUNCHER]: Adding transformer net.minecraftforge.coremod.transformer.CoreModClassTransformer@7d57dbb5 to Target : CLASS {Lnet/minecraft/world/effect/MobEffectInstance;} {} {V}
[03Mar2026 00:25:35.245] [main/DEBUG] [cpw.mods.modlauncher.TransformStore/MODLAUNCHER]: Adding transformer net.minecraftforge.coremod.transformer.CoreModClassTransformer@630b6190 to Target : CLASS {Lnet/minecraft/world/level/block/LiquidBlock;} {} {V}
[03Mar2026 00:25:35.247] [main/DEBUG] [cpw.mods.modlauncher.TransformStore/MODLAUNCHER]: Adding transformer net.minecraftforge.coremod.transformer.CoreModClassTransformer@532e27ab to Target : CLASS {Lnet/minecraft/world/item/BucketItem;} {} {V}
[03Mar2026 00:25:35.247] [main/DEBUG] [cpw.mods.modlauncher.TransformStore/MODLAUNCHER]: Adding transformer net.minecraftforge.coremod.transformer.CoreModClassTransformer@1cdc1bbc to Target : CLASS {Lnet/minecraft/world/level/block/StairBlock;} {} {V}
[03Mar2026 00:25:35.247] [main/DEBUG] [cpw.mods.modlauncher.TransformStore/MODLAUNCHER]: Adding transformer net.minecraftforge.coremod.transformer.CoreModClassTransformer@5f95f1e1 to Target : CLASS {Lnet/minecraft/world/level/block/FlowerPotBlock;} {} {V}
[03Mar2026 00:25:35.247] [main/DEBUG] [cpw.mods.modlauncher.TransformStore/MODLAUNCHER]: Adding transformer net.minecraftforge.coremod.transformer.CoreModClassTransformer@672a1c62 to Target : CLASS {Lnet/minecraft/world/item/ItemStack;} {} {V}
[03Mar2026 00:25:35.248] [main/DEBUG] [cpw.mods.modlauncher.TransformStore/MODLAUNCHER]: Adding transformer net.minecraftforge.coremod.transformer.CoreModClassTransformer@459b6c53 to Target : CLASS {Lnet/minecraft/network/play/client/CClientSettingsPacket;} {} {V}
[03Mar2026 00:25:35.248] [main/DEBUG] [cpw.mods.modlauncher.TransformStore/MODLAUNCHER]: Adding transformer net.minecraftforge.coremod.transformer.CoreModClassTransformer@39e69ea7 to Target : CLASS {Lnet/minecraft/world/entity/animal/frog/Tadpole;} {} {V}
[03Mar2026 00:25:35.248] [main/DEBUG] [cpw.mods.modlauncher.TransformStore/MODLAUNCHER]: Adding transformer net.minecraftforge.coremod.transformer.CoreModClassTransformer@39e69ea7 to Target : CLASS {Lnet/minecraft/world/entity/npc/CatSpawner;} {} {V}
[03Mar2026 00:25:35.248] [main/DEBUG] [cpw.mods.modlauncher.TransformStore/MODLAUNCHER]: Adding transformer net.minecraftforge.coremod.transformer.CoreModClassTransformer@39e69ea7 to Target : CLASS {Lnet/minecraft/world/entity/monster/Evoker$EvokerSummonSpellGoal;} {} {V}
[03Mar2026 00:25:35.248] [main/DEBUG] [cpw.mods.modlauncher.TransformStore/MODLAUNCHER]: Adding transformer net.minecraftforge.coremod.transformer.CoreModClassTransformer@39e69ea7 to Target : CLASS {Lnet/minecraft/world/level/levelgen/structure/structures/SwampHutPiece;} {} {V}
[03Mar2026 00:25:35.248] [main/DEBUG] [cpw.mods.modlauncher.TransformStore/MODLAUNCHER]: Adding transformer net.minecraftforge.coremod.transformer.CoreModClassTransformer@39e69ea7 to Target : CLASS {Lnet/minecraft/world/entity/animal/horse/SkeletonTrapGoal;} {} {V}
[03Mar2026 00:25:35.248] [main/DEBUG] [cpw.mods.modlauncher.TransformStore/MODLAUNCHER]: Adding transformer net.minecraftforge.coremod.transformer.CoreModClassTransformer@39e69ea7 to Target : CLASS {Lnet/minecraft/world/entity/EntityType;} {} {V}
[03Mar2026 00:25:35.248] [main/DEBUG] [cpw.mods.modlauncher.TransformStore/MODLAUNCHER]: Adding transformer net.minecraftforge.coremod.transformer.CoreModClassTransformer@39e69ea7 to Target : CLASS {Lnet/minecraft/world/entity/monster/Zombie;} {} {V}
[03Mar2026 00:25:35.248] [main/DEBUG] [cpw.mods.modlauncher.TransformStore/MODLAUNCHER]: Adding transformer net.minecraftforge.coremod.transformer.CoreModClassTransformer@39e69ea7 to Target : CLASS {Lnet/minecraft/world/entity/raid/Raid;} {} {V}
[03Mar2026 00:25:35.251] [main/DEBUG] [cpw.mods.modlauncher.TransformStore/MODLAUNCHER]: Adding transformer net.minecraftforge.coremod.transformer.CoreModClassTransformer@39e69ea7 to Target : CLASS {Lnet/minecraft/server/commands/RaidCommand;} {} {V}
[03Mar2026 00:25:35.251] [main/DEBUG] [cpw.mods.modlauncher.TransformStore/MODLAUNCHER]: Adding transformer net.minecraftforge.coremod.transformer.CoreModClassTransformer@39e69ea7 to Target : CLASS {Lnet/minecraft/world/entity/monster/Spider;} {} {V}
[03Mar2026 00:25:35.251] [main/DEBUG] [cpw.mods.modlauncher.TransformStore/MODLAUNCHER]: Adding transformer net.minecraftforge.coremod.transformer.CoreModClassTransformer@39e69ea7 to Target : CLASS {Lnet/minecraft/world/entity/monster/ZombieVillager;} {} {V}
[03Mar2026 00:25:35.253] [main/DEBUG] [cpw.mods.modlauncher.TransformStore/MODLAUNCHER]: Adding transformer net.minecraftforge.coremod.transformer.CoreModClassTransformer@39e69ea7 to Target : CLASS {Lnet/minecraft/world/level/NaturalSpawner;} {} {V}
[03Mar2026 00:25:35.253] [main/DEBUG] [cpw.mods.modlauncher.TransformStore/MODLAUNCHER]: Adding transformer net.minecraftforge.coremod.transformer.CoreModClassTransformer@39e69ea7 to Target : CLASS {Lnet/minecraft/world/level/levelgen/structure/structures/WoodlandMansionPieces$WoodlandMansionPiece;} {} {V}
[03Mar2026 00:25:35.254] [main/DEBUG] [cpw.mods.modlauncher.TransformStore/MODLAUNCHER]: Adding transformer net.minecraftforge.coremod.transformer.CoreModClassTransformer@39e69ea7 to Target : CLASS {Lnet/minecraft/world/entity/monster/Strider;} {} {V}
[03Mar2026 00:25:35.254] [main/DEBUG] [cpw.mods.modlauncher.TransformStore/MODLAUNCHER]: Adding transformer net.minecraftforge.coremod.transformer.CoreModClassTransformer@39e69ea7 to Target : CLASS {Lnet/minecraft/world/entity/npc/Villager;} {} {V}
[03Mar2026 00:25:35.254] [main/DEBUG] [cpw.mods.modlauncher.TransformStore/MODLAUNCHER]: Adding transformer net.minecraftforge.coremod.transformer.CoreModClassTransformer@39e69ea7 to Target : CLASS {Lnet/minecraft/world/level/levelgen/structure/structures/OceanRuinPieces$OceanRuinPiece;} {} {V}
[03Mar2026 00:25:35.254] [main/DEBUG] [cpw.mods.modlauncher.TransformStore/MODLAUNCHER]: Adding transformer net.minecraftforge.coremod.transformer.CoreModClassTransformer@39e69ea7 to Target : CLASS {Lnet/minecraft/world/level/levelgen/PhantomSpawner;} {} {V}
[03Mar2026 00:25:35.254] [main/DEBUG] [cpw.mods.modlauncher.TransformStore/MODLAUNCHER]: Adding transformer net.minecraftforge.coremod.transformer.CoreModClassTransformer@39e69ea7 to Target : CLASS {Lnet/minecraft/world/level/levelgen/structure/structures/OceanMonumentPieces$OceanMonumentPiece;} {} {V}
[03Mar2026 00:25:35.254] [main/DEBUG] [cpw.mods.modlauncher.TransformStore/MODLAUNCHER]: Adding transformer net.minecraftforge.coremod.transformer.CoreModClassTransformer@39e69ea7 to Target : CLASS {Lnet/minecraft/world/level/levelgen/structure/templatesystem/StructureTemplate;} {} {V}
[03Mar2026 00:25:35.254] [main/DEBUG] [cpw.mods.modlauncher.TransformStore/MODLAUNCHER]: Adding transformer net.minecraftforge.coremod.transformer.CoreModClassTransformer@39e69ea7 to Target : CLASS {Lnet/minecraft/world/level/levelgen/PatrolSpawner;} {} {V}
[03Mar2026 00:25:35.254] [main/DEBUG] [cpw.mods.modlauncher.TransformStore/MODLAUNCHER]: Adding transformer net.minecraftforge.coremod.transformer.CoreModClassTransformer@39e69ea7 to Target : CLASS {Lnet/minecraft/server/commands/SummonCommand;} {} {V}
[03Mar2026 00:25:35.254] [main/DEBUG] [cpw.mods.modlauncher.TransformStore/MODLAUNCHER]: Adding transformer net.minecraftforge.coremod.transformer.CoreModClassTransformer@39e69ea7 to Target : CLASS {Lnet/minecraft/world/entity/ai/village/VillageSiege;} {} {V}
[03Mar2026 00:25:35.254] [main/DEBUG] [cpw.mods.modlauncher.TransformationServiceDecorator/MODLAUNCHER]: Initialized transformers for transformation service fml
[03Mar2026 00:25:36.237] [main/DEBUG] [mixin/]: Processing prepare() for PlatformAgent[MixinPlatformAgentDefault:ModLauncher Root Container(ModLauncher:4f56a0a2)]
[03Mar2026 00:25:36.238] [main/DEBUG] [mixin/]: Processing launch tasks for PlatformAgent[MixinPlatformAgentDefault:ModLauncher Root Container(ModLauncher:4f56a0a2)]
[03Mar2026 00:25:36.238] [main/DEBUG] [mixin/]: Adding mixin platform agents for container SecureJarResource(minecraft)
[03Mar2026 00:25:36.238] [main/DEBUG] [mixin/]: Instancing new MixinPlatformAgentMinecraftForge for SecureJarResource(minecraft)
[03Mar2026 00:25:36.239] [main/DEBUG] [mixin/]: MixinPlatformAgentMinecraftForge rejected container SecureJarResource(minecraft)
[03Mar2026 00:25:36.239] [main/DEBUG] [mixin/]: Instancing new MixinPlatformAgentDefault for SecureJarResource(minecraft)
[03Mar2026 00:25:36.239] [main/DEBUG] [mixin/]: MixinPlatformAgentDefault accepted container SecureJarResource(minecraft)
[03Mar2026 00:25:36.240] [main/DEBUG] [mixin/]: Processing prepare() for PlatformAgent[MixinPlatformAgentDefault:SecureJarResource(minecraft)]
[03Mar2026 00:25:36.243] [main/DEBUG] [mixin/]: Adding mixin platform agents for container SecureJarResource(tenshilib)
[03Mar2026 00:25:36.243] [main/DEBUG] [mixin/]: Instancing new MixinPlatformAgentMinecraftForge for SecureJarResource(tenshilib)
[03Mar2026 00:25:36.243] [main/DEBUG] [mixin/]: MixinPlatformAgentMinecraftForge rejected container SecureJarResource(tenshilib)
[03Mar2026 00:25:36.244] [main/DEBUG] [mixin/]: Instancing new MixinPlatformAgentDefault for SecureJarResource(tenshilib)
[03Mar2026 00:25:36.244] [main/DEBUG] [mixin/]: MixinPlatformAgentDefault accepted container SecureJarResource(tenshilib)
[03Mar2026 00:25:36.244] [main/DEBUG] [mixin/]: Processing prepare() for PlatformAgent[MixinPlatformAgentDefault:SecureJarResource(tenshilib)]
[03Mar2026 00:25:36.244] [main/DEBUG] [mixin/]: Registering mixin config: tenshilib.mixins.json
[03Mar2026 00:25:36.268] [main/DEBUG] [mixin/]: Adding mixin platform agents for container SecureJarResource(mutantmonsters)
[03Mar2026 00:25:36.268] [main/DEBUG] [mixin/]: Instancing new MixinPlatformAgentMinecraftForge for SecureJarResource(mutantmonsters)
[03Mar2026 00:25:36.268] [main/DEBUG] [mixin/]: MixinPlatformAgentMinecraftForge rejected container SecureJarResource(mutantmonsters)
[03Mar2026 00:25:36.268] [main/DEBUG] [mixin/]: Instancing new MixinPlatformAgentDefault for SecureJarResource(mutantmonsters)
[03Mar2026 00:25:36.268] [main/DEBUG] [mixin/]: MixinPlatformAgentDefault accepted container SecureJarResource(mutantmonsters)
[03Mar2026 00:25:36.268] [main/DEBUG] [mixin/]: Processing prepare() for PlatformAgent[MixinPlatformAgentDefault:SecureJarResource(mutantmonsters)]
[03Mar2026 00:25:36.268] [main/DEBUG] [mixin/]: Registering mixin config: mutantmonsters.common.mixins.json
[03Mar2026 00:25:36.272] [main/DEBUG] [mixin/]: Compatibility level JAVA_17 specified by mutantmonsters.common.mixins.json is higher than the maximum level supported by this version of mixin (JAVA_13).
[03Mar2026 00:25:36.274] [main/INFO] [mixin/]: Compatibility level set to JAVA_17
[03Mar2026 00:25:36.275] [main/DEBUG] [mixin/]: Adding mixin platform agents for container SecureJarResource(the_harvest)
[03Mar2026 00:25:36.275] [main/DEBUG] [mixin/]: Instancing new MixinPlatformAgentMinecraftForge for SecureJarResource(the_harvest)
[03Mar2026 00:25:36.275] [main/DEBUG] [mixin/]: MixinPlatformAgentMinecraftForge rejected container SecureJarResource(the_harvest)
[03Mar2026 00:25:36.275] [main/DEBUG] [mixin/]: Instancing new MixinPlatformAgentDefault for SecureJarResource(the_harvest)
[03Mar2026 00:25:36.275] [main/DEBUG] [mixin/]: MixinPlatformAgentDefault accepted container SecureJarResource(the_harvest)
[03Mar2026 00:25:36.275] [main/DEBUG] [mixin/]: Processing prepare() for PlatformAgent[MixinPlatformAgentDefault:SecureJarResource(the_harvest)]
[03Mar2026 00:25:36.275] [main/DEBUG] [mixin/]: Adding mixin platform agents for container SecureJarResource(geckolib)
[03Mar2026 00:25:36.276] [main/DEBUG] [mixin/]: Instancing new MixinPlatformAgentMinecraftForge for SecureJarResource(geckolib)
[03Mar2026 00:25:36.276] [main/DEBUG] [mixin/]: MixinPlatformAgentMinecraftForge rejected container SecureJarResource(geckolib)
[03Mar2026 00:25:36.276] [main/DEBUG] [mixin/]: Instancing new MixinPlatformAgentDefault for SecureJarResource(geckolib)
[03Mar2026 00:25:36.276] [main/DEBUG] [mixin/]: MixinPlatformAgentDefault accepted container SecureJarResource(geckolib)
[03Mar2026 00:25:36.276] [main/DEBUG] [mixin/]: Processing prepare() for PlatformAgent[MixinPlatformAgentDefault:SecureJarResource(geckolib)]
[03Mar2026 00:25:36.276] [main/DEBUG] [mixin/]: Registering mixin config: geckolib.mixins.json
[03Mar2026 00:25:36.280] [main/DEBUG] [mixin/]: Adding mixin platform agents for container SecureJarResource(playeranimator)
[03Mar2026 00:25:36.280] [main/DEBUG] [mixin/]: Instancing new MixinPlatformAgentMinecraftForge for SecureJarResource(playeranimator)
[03Mar2026 00:25:36.280] [main/DEBUG] [mixin/]: MixinPlatformAgentMinecraftForge rejected container SecureJarResource(playeranimator)
[03Mar2026 00:25:36.280] [main/DEBUG] [mixin/]: Instancing new MixinPlatformAgentDefault for SecureJarResource(playeranimator)
[03Mar2026 00:25:36.280] [main/DEBUG] [mixin/]: MixinPlatformAgentDefault accepted container SecureJarResource(playeranimator)
[03Mar2026 00:25:36.280] [main/DEBUG] [mixin/]: Processing prepare() for PlatformAgent[MixinPlatformAgentDefault:SecureJarResource(playeranimator)]
[03Mar2026 00:25:36.280] [main/DEBUG] [mixin/]: Registering mixin config: playerAnimator-common.mixins.json
[03Mar2026 00:25:36.284] [main/DEBUG] [mixin/]: Compatibility level JAVA_16 specified by playerAnimator-common.mixins.json is higher than the maximum level supported by this version of mixin (JAVA_13).
[03Mar2026 00:25:36.285] [main/DEBUG] [mixin/]: Adding mixin platform agents for container SecureJarResource(chunky)
[03Mar2026 00:25:36.285] [main/DEBUG] [mixin/]: Instancing new MixinPlatformAgentMinecraftForge for SecureJarResource(chunky)
[03Mar2026 00:25:36.285] [main/DEBUG] [mixin/]: MixinPlatformAgentMinecraftForge rejected container SecureJarResource(chunky)
[03Mar2026 00:25:36.285] [main/DEBUG] [mixin/]: Instancing new MixinPlatformAgentDefault for SecureJarResource(chunky)
[03Mar2026 00:25:36.285] [main/DEBUG] [mixin/]: MixinPlatformAgentDefault accepted container SecureJarResource(chunky)
[03Mar2026 00:25:36.285] [main/DEBUG] [mixin/]: Processing prepare() for PlatformAgent[MixinPlatformAgentDefault:SecureJarResource(chunky)]
[03Mar2026 00:25:36.285] [main/DEBUG] [mixin/]: Adding mixin platform agents for container SecureJarResource(platform)
[03Mar2026 00:25:36.286] [main/DEBUG] [mixin/]: Instancing new MixinPlatformAgentMinecraftForge for SecureJarResource(platform)
[03Mar2026 00:25:36.286] [main/DEBUG] [mixin/]: MixinPlatformAgentMinecraftForge rejected container SecureJarResource(platform)
[03Mar2026 00:25:36.286] [main/DEBUG] [mixin/]: Instancing new MixinPlatformAgentDefault for SecureJarResource(platform)
[03Mar2026 00:25:36.286] [main/DEBUG] [mixin/]: MixinPlatformAgentDefault accepted container SecureJarResource(platform)
[03Mar2026 00:25:36.286] [main/DEBUG] [mixin/]: Processing prepare() for PlatformAgent[MixinPlatformAgentDefault:SecureJarResource(platform)]
[03Mar2026 00:25:36.286] [main/DEBUG] [mixin/]: Registering mixin config: platform.mixins.json
[03Mar2026 00:25:36.288] [main/DEBUG] [mixin/]: Registering mixin config: platform-common.mixins.json
[03Mar2026 00:25:36.290] [main/DEBUG] [mixin/]: Adding mixin platform agents for container SecureJarResource(mmorpg)
[03Mar2026 00:25:36.290] [main/DEBUG] [mixin/]: Instancing new MixinPlatformAgentMinecraftForge for SecureJarResource(mmorpg)
[03Mar2026 00:25:36.291] [main/DEBUG] [mixin/]: MixinPlatformAgentMinecraftForge rejected container SecureJarResource(mmorpg)
[03Mar2026 00:25:36.291] [main/DEBUG] [mixin/]: Instancing new MixinPlatformAgentDefault for SecureJarResource(mmorpg)
[03Mar2026 00:25:36.291] [main/DEBUG] [mixin/]: MixinPlatformAgentDefault accepted container SecureJarResource(mmorpg)
[03Mar2026 00:25:36.292] [main/DEBUG] [mixin/]: Processing prepare() for PlatformAgent[MixinPlatformAgentDefault:SecureJarResource(mmorpg)]
[03Mar2026 00:25:36.292] [main/DEBUG] [mixin/]: Registering mixin config: mmorpg.mixins.json
[03Mar2026 00:25:36.294] [main/DEBUG] [mixin/]: Compatibility level JAVA_8 specified by mmorpg.mixins.json is lower than the default level supported by the current mixin service (JAVA_16).
[03Mar2026 00:25:36.295] [main/DEBUG] [mixin/]: Adding mixin platform agents for container SecureJarResource(born_in_chaos_v1)
[03Mar2026 00:25:36.295] [main/DEBUG] [mixin/]: Instancing new MixinPlatformAgentMinecraftForge for SecureJarResource(born_in_chaos_v1)
[03Mar2026 00:25:36.295] [main/DEBUG] [mixin/]: MixinPlatformAgentMinecraftForge rejected container SecureJarResource(born_in_chaos_v1)
[03Mar2026 00:25:36.296] [main/DEBUG] [mixin/]: Instancing new MixinPlatformAgentDefault for SecureJarResource(born_in_chaos_v1)
[03Mar2026 00:25:36.296] [main/DEBUG] [mixin/]: MixinPlatformAgentDefault accepted container SecureJarResource(born_in_chaos_v1)
[03Mar2026 00:25:36.296] [main/DEBUG] [mixin/]: Processing prepare() for PlatformAgent[MixinPlatformAgentDefault:SecureJarResource(born_in_chaos_v1)]
[03Mar2026 00:25:36.297] [main/DEBUG] [mixin/]: Adding mixin platform agents for container SecureJarResource(rottencreatures)
[03Mar2026 00:25:36.297] [main/DEBUG] [mixin/]: Instancing new MixinPlatformAgentMinecraftForge for SecureJarResource(rottencreatures)
[03Mar2026 00:25:36.298] [main/DEBUG] [mixin/]: MixinPlatformAgentMinecraftForge rejected container SecureJarResource(rottencreatures)
[03Mar2026 00:25:36.298] [main/DEBUG] [mixin/]: Instancing new MixinPlatformAgentDefault for SecureJarResource(rottencreatures)
[03Mar2026 00:25:36.298] [main/DEBUG] [mixin/]: MixinPlatformAgentDefault accepted container SecureJarResource(rottencreatures)
[03Mar2026 00:25:36.298] [main/DEBUG] [mixin/]: Processing prepare() for PlatformAgent[MixinPlatformAgentDefault:SecureJarResource(rottencreatures)]
[03Mar2026 00:25:36.299] [main/DEBUG] [mixin/]: Registering mixin config: rottencreatures.mixins.json
[03Mar2026 00:25:36.301] [main/DEBUG] [mixin/]: Registering mixin config: rottencreatures-common.mixins.json
[03Mar2026 00:25:36.303] [main/DEBUG] [mixin/]: Adding mixin platform agents for container SecureJarResource(sophisticatedcore)
[03Mar2026 00:25:36.303] [main/DEBUG] [mixin/]: Instancing new MixinPlatformAgentMinecraftForge for SecureJarResource(sophisticatedcore)
[03Mar2026 00:25:36.304] [main/DEBUG] [mixin/]: MixinPlatformAgentMinecraftForge rejected container SecureJarResource(sophisticatedcore)
[03Mar2026 00:25:36.304] [main/DEBUG] [mixin/]: Instancing new MixinPlatformAgentDefault for SecureJarResource(sophisticatedcore)
[03Mar2026 00:25:36.304] [main/DEBUG] [mixin/]: MixinPlatformAgentDefault accepted container SecureJarResource(sophisticatedcore)
[03Mar2026 00:25:36.304] [main/DEBUG] [mixin/]: Processing prepare() for PlatformAgent[MixinPlatformAgentDefault:SecureJarResource(sophisticatedcore)]
[03Mar2026 00:25:36.305] [main/DEBUG] [mixin/]: Registering mixin config: sophisticatedcore.mixins.json
[03Mar2026 00:25:36.306] [main/DEBUG] [mixin/]: Adding mixin platform agents for container SecureJarResource(dungeon_realm)
[03Mar2026 00:25:36.306] [main/DEBUG] [mixin/]: Instancing new MixinPlatformAgentMinecraftForge for SecureJarResource(dungeon_realm)
[03Mar2026 00:25:36.306] [main/DEBUG] [mixin/]: MixinPlatformAgentMinecraftForge rejected container SecureJarResource(dungeon_realm)
[03Mar2026 00:25:36.306] [main/DEBUG] [mixin/]: Instancing new MixinPlatformAgentDefault for SecureJarResource(dungeon_realm)
[03Mar2026 00:25:36.307] [main/DEBUG] [mixin/]: MixinPlatformAgentDefault accepted container SecureJarResource(dungeon_realm)
[03Mar2026 00:25:36.307] [main/DEBUG] [mixin/]: Processing prepare() for PlatformAgent[MixinPlatformAgentDefault:SecureJarResource(dungeon_realm)]
[03Mar2026 00:25:36.307] [main/DEBUG] [mixin/]: Adding mixin platform agents for container SecureJarResource(curios)
[03Mar2026 00:25:36.307] [main/DEBUG] [mixin/]: Instancing new MixinPlatformAgentMinecraftForge for SecureJarResource(curios)
[03Mar2026 00:25:36.307] [main/DEBUG] [mixin/]: MixinPlatformAgentMinecraftForge rejected container SecureJarResource(curios)
[03Mar2026 00:25:36.307] [main/DEBUG] [mixin/]: Instancing new MixinPlatformAgentDefault for SecureJarResource(curios)
[03Mar2026 00:25:36.307] [main/DEBUG] [mixin/]: MixinPlatformAgentDefault accepted container SecureJarResource(curios)
[03Mar2026 00:25:36.308] [main/DEBUG] [mixin/]: Processing prepare() for PlatformAgent[MixinPlatformAgentDefault:SecureJarResource(curios)]
[03Mar2026 00:25:36.308] [main/DEBUG] [mixin/]: Registering mixin config: curios.mixins.json
[03Mar2026 00:25:36.309] [main/DEBUG] [mixin/]: Adding mixin platform agents for container SecureJarResource(mr_dungeons_andtaverns)
[03Mar2026 00:25:36.309] [main/DEBUG] [mixin/]: Instancing new MixinPlatformAgentMinecraftForge for SecureJarResource(mr_dungeons_andtaverns)
[03Mar2026 00:25:36.310] [main/DEBUG] [mixin/]: MixinPlatformAgentMinecraftForge rejected container SecureJarResource(mr_dungeons_andtaverns)
[03Mar2026 00:25:36.310] [main/DEBUG] [mixin/]: Instancing new MixinPlatformAgentDefault for SecureJarResource(mr_dungeons_andtaverns)
[03Mar2026 00:25:36.310] [main/DEBUG] [mixin/]: MixinPlatformAgentDefault accepted container SecureJarResource(mr_dungeons_andtaverns)
[03Mar2026 00:25:36.311] [main/DEBUG] [mixin/]: Processing prepare() for PlatformAgent[MixinPlatformAgentDefault:SecureJarResource(mr_dungeons_andtaverns)]
[03Mar2026 00:25:36.311] [main/DEBUG] [mixin/]: Adding mixin platform agents for container SecureJarResource(mixinextras)
[03Mar2026 00:25:36.311] [main/DEBUG] [mixin/]: Instancing new MixinPlatformAgentMinecraftForge for SecureJarResource(mixinextras)
[03Mar2026 00:25:36.311] [main/DEBUG] [mixin/]: MixinPlatformAgentMinecraftForge rejected container SecureJarResource(mixinextras)
[03Mar2026 00:25:36.311] [main/DEBUG] [mixin/]: Instancing new MixinPlatformAgentDefault for SecureJarResource(mixinextras)
[03Mar2026 00:25:36.312] [main/DEBUG] [mixin/]: MixinPlatformAgentDefault accepted container SecureJarResource(mixinextras)
[03Mar2026 00:25:36.312] [main/DEBUG] [mixin/]: Processing prepare() for PlatformAgent[MixinPlatformAgentDefault:SecureJarResource(mixinextras)]
[03Mar2026 00:25:36.312] [main/DEBUG] [mixin/]: Registering mixin config: mixinextras.init.mixins.json
[03Mar2026 00:25:36.313] [main/DEBUG] [mixin/]: Adding mixin platform agents for container SecureJarResource(library_of_exile)
[03Mar2026 00:25:36.313] [main/DEBUG] [mixin/]: Instancing new MixinPlatformAgentMinecraftForge for SecureJarResource(library_of_exile)
[03Mar2026 00:25:36.313] [main/DEBUG] [mixin/]: MixinPlatformAgentMinecraftForge rejected container SecureJarResource(library_of_exile)
[03Mar2026 00:25:36.314] [main/DEBUG] [mixin/]: Instancing new MixinPlatformAgentDefault for SecureJarResource(library_of_exile)
[03Mar2026 00:25:36.314] [main/DEBUG] [mixin/]: MixinPlatformAgentDefault accepted container SecureJarResource(library_of_exile)
[03Mar2026 00:25:36.314] [main/DEBUG] [mixin/]: Processing prepare() for PlatformAgent[MixinPlatformAgentDefault:SecureJarResource(library_of_exile)]
[03Mar2026 00:25:36.314] [main/DEBUG] [mixin/]: Registering mixin config: library_of_exile.mixins.json
[03Mar2026 00:25:36.315] [main/DEBUG] [mixin/]: Compatibility level JAVA_8 specified by library_of_exile.mixins.json is lower than the default level supported by the current mixin service (JAVA_16).
[03Mar2026 00:25:36.316] [main/DEBUG] [mixin/]: Adding mixin platform agents for container SecureJarResource(sophisticatedbackpacks)
[03Mar2026 00:25:36.316] [main/DEBUG] [mixin/]: Instancing new MixinPlatformAgentMinecraftForge for SecureJarResource(sophisticatedbackpacks)
[03Mar2026 00:25:36.316] [main/DEBUG] [mixin/]: MixinPlatformAgentMinecraftForge rejected container SecureJarResource(sophisticatedbackpacks)
[03Mar2026 00:25:36.316] [main/DEBUG] [mixin/]: Instancing new MixinPlatformAgentDefault for SecureJarResource(sophisticatedbackpacks)
[03Mar2026 00:25:36.316] [main/DEBUG] [mixin/]: MixinPlatformAgentDefault accepted container SecureJarResource(sophisticatedbackpacks)
[03Mar2026 00:25:36.317] [main/DEBUG] [mixin/]: Processing prepare() for PlatformAgent[MixinPlatformAgentDefault:SecureJarResource(sophisticatedbackpacks)]
[03Mar2026 00:25:36.317] [main/DEBUG] [mixin/]: Adding mixin platform agents for container SecureJarResource(ancient_obelisks)
[03Mar2026 00:25:36.317] [main/DEBUG] [mixin/]: Instancing new MixinPlatformAgentMinecraftForge for SecureJarResource(ancient_obelisks)
[03Mar2026 00:25:36.317] [main/DEBUG] [mixin/]: MixinPlatformAgentMinecraftForge rejected container SecureJarResource(ancient_obelisks)
[03Mar2026 00:25:36.317] [main/DEBUG] [mixin/]: Instancing new MixinPlatformAgentDefault for SecureJarResource(ancient_obelisks)
[03Mar2026 00:25:36.318] [main/DEBUG] [mixin/]: MixinPlatformAgentDefault accepted container SecureJarResource(ancient_obelisks)
[03Mar2026 00:25:36.318] [main/DEBUG] [mixin/]: Processing prepare() for PlatformAgent[MixinPlatformAgentDefault:SecureJarResource(ancient_obelisks)]
[03Mar2026 00:25:36.318] [main/DEBUG] [mixin/]: Adding mixin platform agents for container SecureJarResource(puzzleslib)
[03Mar2026 00:25:36.318] [main/DEBUG] [mixin/]: Instancing new MixinPlatformAgentMinecraftForge for SecureJarResource(puzzleslib)
[03Mar2026 00:25:36.318] [main/DEBUG] [mixin/]: MixinPlatformAgentMinecraftForge rejected container SecureJarResource(puzzleslib)
[03Mar2026 00:25:36.318] [main/DEBUG] [mixin/]: Instancing new MixinPlatformAgentDefault for SecureJarResource(puzzleslib)
[03Mar2026 00:25:36.319] [main/DEBUG] [mixin/]: MixinPlatformAgentDefault accepted container SecureJarResource(puzzleslib)
[03Mar2026 00:25:36.319] [main/DEBUG] [mixin/]: Processing prepare() for PlatformAgent[MixinPlatformAgentDefault:SecureJarResource(puzzleslib)]
[03Mar2026 00:25:36.319] [main/DEBUG] [mixin/]: Registering mixin config: puzzleslib.common.mixins.json
[03Mar2026 00:25:36.320] [main/DEBUG] [mixin/]: Registering mixin config: puzzleslib.forge.mixins.json
[03Mar2026 00:25:36.321] [main/DEBUG] [mixin/]: Adding mixin platform agents for container SecureJarResource(puzzlesaccessapi)
[03Mar2026 00:25:36.322] [main/DEBUG] [mixin/]: Instancing new MixinPlatformAgentMinecraftForge for SecureJarResource(puzzlesaccessapi)
[03Mar2026 00:25:36.322] [main/DEBUG] [mixin/]: MixinPlatformAgentMinecraftForge rejected container SecureJarResource(puzzlesaccessapi)
[03Mar2026 00:25:36.322] [main/DEBUG] [mixin/]: Instancing new MixinPlatformAgentDefault for SecureJarResource(puzzlesaccessapi)
[03Mar2026 00:25:36.322] [main/DEBUG] [mixin/]: MixinPlatformAgentDefault accepted container SecureJarResource(puzzlesaccessapi)
[03Mar2026 00:25:36.322] [main/DEBUG] [mixin/]: Processing prepare() for PlatformAgent[MixinPlatformAgentDefault:SecureJarResource(puzzlesaccessapi)]
[03Mar2026 00:25:36.322] [main/DEBUG] [mixin/]: Registering mixin config: puzzlesaccessapi.common.mixins.json
[03Mar2026 00:25:36.323] [main/DEBUG] [mixin/]: Registering mixin config: puzzlesaccessapi.forge.mixins.json
[03Mar2026 00:25:36.325] [main/DEBUG] [mixin/]: Adding mixin platform agents for container SecureJarResource(cloth_config)
[03Mar2026 00:25:36.325] [main/DEBUG] [mixin/]: Instancing new MixinPlatformAgentMinecraftForge for SecureJarResource(cloth_config)
[03Mar2026 00:25:36.325] [main/DEBUG] [mixin/]: MixinPlatformAgentMinecraftForge rejected container SecureJarResource(cloth_config)
[03Mar2026 00:25:36.325] [main/DEBUG] [mixin/]: Instancing new MixinPlatformAgentDefault for SecureJarResource(cloth_config)
[03Mar2026 00:25:36.325] [main/DEBUG] [mixin/]: MixinPlatformAgentDefault accepted container SecureJarResource(cloth_config)
[03Mar2026 00:25:36.326] [main/DEBUG] [mixin/]: Processing prepare() for PlatformAgent[MixinPlatformAgentDefault:SecureJarResource(cloth_config)]
[03Mar2026 00:25:36.326] [main/DEBUG] [mixin/]: Adding mixin platform agents for container SecureJarResource(forge)
[03Mar2026 00:25:36.326] [main/DEBUG] [mixin/]: Instancing new MixinPlatformAgentMinecraftForge for SecureJarResource(forge)
[03Mar2026 00:25:36.326] [main/DEBUG] [mixin/]: MixinPlatformAgentMinecraftForge rejected container SecureJarResource(forge)
[03Mar2026 00:25:36.326] [main/DEBUG] [mixin/]: Instancing new MixinPlatformAgentDefault for SecureJarResource(forge)
[03Mar2026 00:25:36.326] [main/DEBUG] [mixin/]: MixinPlatformAgentDefault accepted container SecureJarResource(forge)
[03Mar2026 00:25:36.326] [main/DEBUG] [mixin/]: Processing prepare() for PlatformAgent[MixinPlatformAgentDefault:SecureJarResource(forge)]
[03Mar2026 00:25:36.326] [main/DEBUG] [mixin/]: Adding mixin platform agents for container SecureJarResource(improvedmobs)
[03Mar2026 00:25:36.326] [main/DEBUG] [mixin/]: Instancing new MixinPlatformAgentMinecraftForge for SecureJarResource(improvedmobs)
[03Mar2026 00:25:36.327] [main/DEBUG] [mixin/]: MixinPlatformAgentMinecraftForge rejected container SecureJarResource(improvedmobs)
[03Mar2026 00:25:36.327] [main/DEBUG] [mixin/]: Instancing new MixinPlatformAgentDefault for SecureJarResource(improvedmobs)
[03Mar2026 00:25:36.327] [main/DEBUG] [mixin/]: MixinPlatformAgentDefault accepted container SecureJarResource(improvedmobs)
[03Mar2026 00:25:36.327] [main/DEBUG] [mixin/]: Processing prepare() for PlatformAgent[MixinPlatformAgentDefault:SecureJarResource(improvedmobs)]
[03Mar2026 00:25:36.327] [main/DEBUG] [mixin/]: Registering mixin config: improvedmobs.mixins.json
[03Mar2026 00:25:36.329] [main/DEBUG] [mixin/]: Compatibility level JAVA_16 specified by improvedmobs.mixins.json is higher than the maximum level supported by this version of mixin (JAVA_13).
[03Mar2026 00:25:36.329] [main/DEBUG] [mixin/]: Registering mixin config: improvedmobs.mixins.compat.json
[03Mar2026 00:25:36.330] [main/DEBUG] [mixin/]: Compatibility level JAVA_16 specified by improvedmobs.mixins.compat.json is higher than the maximum level supported by this version of mixin (JAVA_13).
[03Mar2026 00:25:36.330] [main/DEBUG] [mixin/]: Adding mixin platform agents for container SecureJarResource(mclib)
[03Mar2026 00:25:36.331] [main/DEBUG] [mixin/]: Instancing new MixinPlatformAgentMinecraftForge for SecureJarResource(mclib)
[03Mar2026 00:25:36.331] [main/DEBUG] [mixin/]: MixinPlatformAgentMinecraftForge rejected container SecureJarResource(mclib)
[03Mar2026 00:25:36.331] [main/DEBUG] [mixin/]: Instancing new MixinPlatformAgentDefault for SecureJarResource(mclib)
[03Mar2026 00:25:36.331] [main/DEBUG] [mixin/]: MixinPlatformAgentDefault accepted container SecureJarResource(mclib)
[03Mar2026 00:25:36.331] [main/DEBUG] [mixin/]: Processing prepare() for PlatformAgent[MixinPlatformAgentDefault:SecureJarResource(mclib)]
[03Mar2026 00:25:36.331] [main/DEBUG] [mixin/]: Adding mixin platform agents for container SecureJarResource(MixinExtras)
[03Mar2026 00:25:36.331] [main/DEBUG] [mixin/]: Instancing new MixinPlatformAgentMinecraftForge for SecureJarResource(MixinExtras)
[03Mar2026 00:25:36.331] [main/DEBUG] [mixin/]: MixinPlatformAgentMinecraftForge rejected container SecureJarResource(MixinExtras)
[03Mar2026 00:25:36.331] [main/DEBUG] [mixin/]: Instancing new MixinPlatformAgentDefault for SecureJarResource(MixinExtras)
[03Mar2026 00:25:36.331] [main/DEBUG] [mixin/]: MixinPlatformAgentDefault accepted container SecureJarResource(MixinExtras)
[03Mar2026 00:25:36.332] [main/DEBUG] [mixin/]: Processing prepare() for PlatformAgent[MixinPlatformAgentDefault:SecureJarResource(MixinExtras)]
[03Mar2026 00:25:36.332] [main/DEBUG] [mixin/]: inject() running with 27 agents
[03Mar2026 00:25:36.332] [main/DEBUG] [mixin/]: Processing inject() for PlatformAgent[MixinPlatformAgentDefault:ModLauncher Root Container(ModLauncher:4f56a0a2)]
[03Mar2026 00:25:36.332] [main/DEBUG] [mixin/]: Processing inject() for PlatformAgent[MixinPlatformAgentDefault:SecureJarResource(minecraft)]
[03Mar2026 00:25:36.332] [main/DEBUG] [mixin/]: Processing inject() for PlatformAgent[MixinPlatformAgentDefault:SecureJarResource(tenshilib)]
[03Mar2026 00:25:36.332] [main/DEBUG] [mixin/]: Processing inject() for PlatformAgent[MixinPlatformAgentDefault:SecureJarResource(mutantmonsters)]
[03Mar2026 00:25:36.332] [main/DEBUG] [mixin/]: Processing inject() for PlatformAgent[MixinPlatformAgentDefault:SecureJarResource(the_harvest)]
[03Mar2026 00:25:36.332] [main/DEBUG] [mixin/]: Processing inject() for PlatformAgent[MixinPlatformAgentDefault:SecureJarResource(geckolib)]
[03Mar2026 00:25:36.332] [main/DEBUG] [mixin/]: Processing inject() for PlatformAgent[MixinPlatformAgentDefault:SecureJarResource(playeranimator)]
[03Mar2026 00:25:36.332] [main/DEBUG] [mixin/]: Processing inject() for PlatformAgent[MixinPlatformAgentDefault:SecureJarResource(chunky)]
[03Mar2026 00:25:36.333] [main/DEBUG] [mixin/]: Processing inject() for PlatformAgent[MixinPlatformAgentDefault:SecureJarResource(platform)]
[03Mar2026 00:25:36.333] [main/DEBUG] [mixin/]: Processing inject() for PlatformAgent[MixinPlatformAgentDefault:SecureJarResource(mmorpg)]
[03Mar2026 00:25:36.333] [main/DEBUG] [mixin/]: Processing inject() for PlatformAgent[MixinPlatformAgentDefault:SecureJarResource(born_in_chaos_v1)]
[03Mar2026 00:25:36.333] [main/DEBUG] [mixin/]: Processing inject() for PlatformAgent[MixinPlatformAgentDefault:SecureJarResource(rottencreatures)]
[03Mar2026 00:25:36.333] [main/DEBUG] [mixin/]: Processing inject() for PlatformAgent[MixinPlatformAgentDefault:SecureJarResource(sophisticatedcore)]
[03Mar2026 00:25:36.333] [main/DEBUG] [mixin/]: Processing inject() for PlatformAgent[MixinPlatformAgentDefault:SecureJarResource(dungeon_realm)]
[03Mar2026 00:25:36.333] [main/DEBUG] [mixin/]: Processing inject() for PlatformAgent[MixinPlatformAgentDefault:SecureJarResource(curios)]
[03Mar2026 00:25:36.333] [main/DEBUG] [mixin/]: Processing inject() for PlatformAgent[MixinPlatformAgentDefault:SecureJarResource(mr_dungeons_andtaverns)]
[03Mar2026 00:25:36.334] [main/DEBUG] [mixin/]: Processing inject() for PlatformAgent[MixinPlatformAgentDefault:SecureJarResource(mixinextras)]
[03Mar2026 00:25:36.334] [main/DEBUG] [mixin/]: Processing inject() for PlatformAgent[MixinPlatformAgentDefault:SecureJarResource(library_of_exile)]
[03Mar2026 00:25:36.334] [main/DEBUG] [mixin/]: Processing inject() for PlatformAgent[MixinPlatformAgentDefault:SecureJarResource(sophisticatedbackpacks)]
[03Mar2026 00:25:36.334] [main/DEBUG] [mixin/]: Processing inject() for PlatformAgent[MixinPlatformAgentDefault:SecureJarResource(ancient_obelisks)]
[03Mar2026 00:25:36.334] [main/DEBUG] [mixin/]: Processing inject() for PlatformAgent[MixinPlatformAgentDefault:SecureJarResource(puzzleslib)]
[03Mar2026 00:25:36.334] [main/DEBUG] [mixin/]: Processing inject() for PlatformAgent[MixinPlatformAgentDefault:SecureJarResource(puzzlesaccessapi)]
[03Mar2026 00:25:36.334] [main/DEBUG] [mixin/]: Processing inject() for PlatformAgent[MixinPlatformAgentDefault:SecureJarResource(cloth_config)]
[03Mar2026 00:25:36.334] [main/DEBUG] [mixin/]: Processing inject() for PlatformAgent[MixinPlatformAgentDefault:SecureJarResource(forge)]
[03Mar2026 00:25:36.334] [main/DEBUG] [mixin/]: Processing inject() for PlatformAgent[MixinPlatformAgentDefault:SecureJarResource(improvedmobs)]
[03Mar2026 00:25:36.335] [main/DEBUG] [mixin/]: Processing inject() for PlatformAgent[MixinPlatformAgentDefault:SecureJarResource(mclib)]
[03Mar2026 00:25:36.335] [main/DEBUG] [mixin/]: Processing inject() for PlatformAgent[MixinPlatformAgentDefault:SecureJarResource(MixinExtras)]
[03Mar2026 00:25:36.335] [main/INFO] [cpw.mods.modlauncher.LaunchServiceHandler/MODLAUNCHER]: Launching target 'forgeserver' with arguments [nogui]
[03Mar2026 00:25:36.368] [main/DEBUG] [mixin/]: Error cleaning class output directory: .mixin.out
[03Mar2026 00:25:36.370] [main/DEBUG] [mixin/]: Preparing mixins for MixinEnvironment[DEFAULT]
[03Mar2026 00:25:36.370] [main/DEBUG] [mixin/]: Selecting config tenshilib.mixins.json
[03Mar2026 00:25:36.374] [main/DEBUG] [mixin/]: Selecting config mutantmonsters.common.mixins.json
[03Mar2026 00:25:36.383] [main/DEBUG] [mixin/]: Selecting config geckolib.mixins.json
[03Mar2026 00:25:36.384] [main/DEBUG] [mixin/]: Selecting config playerAnimator-common.mixins.json
[03Mar2026 00:25:36.391] [main/DEBUG] [mixin/]: Selecting config platform.mixins.json
[03Mar2026 00:25:36.392] [main/DEBUG] [mixin/]: Selecting config platform-common.mixins.json
[03Mar2026 00:25:36.393] [main/DEBUG] [mixin/]: Selecting config mmorpg.mixins.json
[03Mar2026 00:25:36.395] [main/DEBUG] [mixin/]: Selecting config rottencreatures.mixins.json
[03Mar2026 00:25:36.396] [main/DEBUG] [mixin/]: Selecting config rottencreatures-common.mixins.json
[03Mar2026 00:25:36.398] [main/DEBUG] [mixin/]: Selecting config sophisticatedcore.mixins.json
[03Mar2026 00:25:36.399] [main/DEBUG] [mixin/]: Selecting config curios.mixins.json
[03Mar2026 00:25:36.400] [main/DEBUG] [mixin/]: Selecting config mixinextras.init.mixins.json
[03Mar2026 00:25:36.433] [main/DEBUG] [MixinExtras|Service/]: com.llamalad7.mixinextras.service.MixinExtrasServiceImpl(version=0.4.1) is taking over from null
[03Mar2026 00:25:36.465] [main/DEBUG] [mixin/]: Registering new injector for @Inject with org.spongepowered.asm.mixin.injection.struct.CallbackInjectionInfo
[03Mar2026 00:25:36.466] [main/DEBUG] [mixin/]: Registering new injector for @ModifyArg with org.spongepowered.asm.mixin.injection.struct.ModifyArgInjectionInfo
[03Mar2026 00:25:36.467] [main/DEBUG] [mixin/]: Registering new injector for @ModifyArgs with org.spongepowered.asm.mixin.injection.struct.ModifyArgsInjectionInfo
[03Mar2026 00:25:36.469] [main/DEBUG] [mixin/]: Registering new injector for @Redirect with org.spongepowered.asm.mixin.injection.struct.RedirectInjectionInfo
[03Mar2026 00:25:36.470] [main/DEBUG] [mixin/]: Registering new injector for @ModifyVariable with org.spongepowered.asm.mixin.injection.struct.ModifyVariableInjectionInfo
[03Mar2026 00:25:36.472] [main/DEBUG] [mixin/]: Registering new injector for @ModifyConstant with org.spongepowered.asm.mixin.injection.struct.ModifyConstantInjectionInfo
[03Mar2026 00:25:36.484] [main/DEBUG] [mixin/]: Selecting config library_of_exile.mixins.json
[03Mar2026 00:25:36.485] [main/DEBUG] [mixin/]: Selecting config puzzleslib.common.mixins.json
[03Mar2026 00:25:36.509] [main/INFO] [Puzzles Lib/]: Loading 24 mods:
	- ancient_obelisks 1.2.3
	- born_in_chaos_v1 1.7.3
	- chunky 1.3.146
	- cloth_config 11.1.136
	- curios 5.14.1+1.20.1
	- dungeon_realm 1.1.7
	- forge 47.3.7
	- geckolib 4.8.3
	- improvedmobs 1.20.1-1.13.6
	- library_of_exile 2.1.5
	- minecraft 1.20.1
	- mmorpg 6.3.14
	- mr_dungeons_andtaverns 3.0.3.f
	- mutantmonsters 8.0.8
	- platform 1.2.11.5
	- playeranimator 1.0.2-rc1+1.20
	- puzzleslib 8.1.33
		|-- mixinextras 0.4.1
		\-- puzzlesaccessapi 20.1.1
	- rottencreatures 1.1.0
	- sophisticatedbackpacks 3.24.20.1500
	- sophisticatedcore 1.3.1.1460
	- tenshilib 1.20.1-1.7.6
	- the_harvest 1.1.3
[03Mar2026 00:25:36.511] [main/DEBUG] [mixin/]: Selecting config puzzleslib.forge.mixins.json
[03Mar2026 00:25:36.513] [main/DEBUG] [mixin/]: Selecting config puzzlesaccessapi.common.mixins.json
[03Mar2026 00:25:36.514] [main/WARN] [mixin/]: Reference map 'puzzlesaccessapi.common.refmap.json' for puzzlesaccessapi.common.mixins.json could not be read. If this is a development environment you can ignore this message
[03Mar2026 00:25:36.515] [main/DEBUG] [mixin/]: Selecting config puzzlesaccessapi.forge.mixins.json
[03Mar2026 00:25:36.516] [main/DEBUG] [mixin/]: Selecting config improvedmobs.mixins.json
[03Mar2026 00:25:36.519] [main/DEBUG] [mixin/]: Selecting config improvedmobs.mixins.compat.json
[03Mar2026 00:25:36.521] [main/DEBUG] [mixin/]: Preparing tenshilib.mixins.json (13)
[03Mar2026 00:25:36.522] [main/DEBUG] [mixin/]: Preparing mutantmonsters.common.mixins.json (2)
[03Mar2026 00:25:36.553] [main/DEBUG] [mixin/]: Preparing geckolib.mixins.json (1)
[03Mar2026 00:25:36.554] [main/DEBUG] [mixin/]: Preparing playerAnimator-common.mixins.json (14)
[03Mar2026 00:25:36.554] [main/DEBUG] [mixin/]: Preparing platform.mixins.json (5)
[03Mar2026 00:25:36.569] [main/DEBUG] [mixin/]: Preparing platform-common.mixins.json (20)
[03Mar2026 00:25:36.606] [main/DEBUG] [mixin/]: Preparing mmorpg.mixins.json (23)
[03Mar2026 00:25:36.689] [main/WARN] [mixin/]: Error loading class: net/minecraft/client/renderer/entity/layers/ItemInHandLayer (java.lang.ClassNotFoundException: net.minecraft.client.renderer.entity.layers.ItemInHandLayer)
[03Mar2026 00:25:36.690] [main/WARN] [mixin/]: @Mixin target net.minecraft.client.renderer.entity.layers.ItemInHandLayer was not found mmorpg.mixins.json:PlayerAnimMixin
[03Mar2026 00:25:36.694] [main/DEBUG] [mixin/]: Preparing rottencreatures.mixins.json (0)
[03Mar2026 00:25:36.695] [main/DEBUG] [mixin/]: Preparing rottencreatures-common.mixins.json (13)
[03Mar2026 00:25:36.747] [main/DEBUG] [net.minecraftforge.coremod.transformer.CoreModBaseTransformer/COREMOD]: Transforming net/minecraft/world/item/ItemStack
[03Mar2026 00:25:36.816] [main/DEBUG] [net.minecraftforge.coremod.transformer.CoreModBaseTransformer/COREMOD]: Transforming net/minecraft/world/entity/monster/Zombie
[03Mar2026 00:25:37.081] [main/DEBUG] [mixin/]: Preparing sophisticatedcore.mixins.json (1)
[03Mar2026 00:25:37.083] [main/DEBUG] [mixin/]: Preparing curios.mixins.json (13)
[03Mar2026 00:25:37.102] [main/DEBUG] [mixin/]: Preparing mixinextras.init.mixins.json (0)
[03Mar2026 00:25:37.102] [main/DEBUG] [mixin/]: Preparing library_of_exile.mixins.json (9)
[03Mar2026 00:25:37.138] [main/DEBUG] [mixin/]: Preparing puzzleslib.common.mixins.json (7)
[03Mar2026 00:25:37.156] [main/DEBUG] [mixin/]: Preparing puzzleslib.forge.mixins.json (13)
[03Mar2026 00:25:37.174] [main/DEBUG] [mixin/]: Preparing puzzlesaccessapi.common.mixins.json (0)
[03Mar2026 00:25:37.174] [main/DEBUG] [mixin/]: Preparing puzzlesaccessapi.forge.mixins.json (0)
[03Mar2026 00:25:37.174] [main/DEBUG] [mixin/]: Preparing improvedmobs.mixins.json (20)
[03Mar2026 00:25:37.190] [main/DEBUG] [net.minecraftforge.coremod.transformer.CoreModBaseTransformer/COREMOD]: Transforming net/minecraft/world/entity/EntityType
[03Mar2026 00:25:37.275] [main/DEBUG] [mixin/]: Preparing improvedmobs.mixins.compat.json (1)
[03Mar2026 00:25:37.328] [main/DEBUG] [mixin/]: Prepared 95 mixins in 0.958 sec (10.1ms avg) (0ms load, 0ms transform, 0ms plugin)
[03Mar2026 00:25:37.367] [main/DEBUG] [io.netty.util.internal.logging.InternalLoggerFactory/]: Using SLF4J as the default logging framework
[03Mar2026 00:25:37.369] [main/DEBUG] [io.netty.util.ResourceLeakDetector/]: -Dio.netty.leakDetection.level: simple
[03Mar2026 00:25:37.369] [main/DEBUG] [io.netty.util.ResourceLeakDetector/]: -Dio.netty.leakDetection.targetRecords: 4
[03Mar2026 00:25:37.495] [main/INFO] [MixinExtras|Service/]: Initializing MixinExtras via com.llamalad7.mixinextras.service.MixinExtrasServiceImpl(version=0.4.1).
[03Mar2026 00:25:37.497] [main/DEBUG] [mixin/]: Registering new injector for @SugarWrapper with com.llamalad7.mixinextras.sugar.impl.SugarWrapperInjectionInfo
[03Mar2026 00:25:37.498] [main/DEBUG] [mixin/]: Registering new injector for @FactoryRedirectWrapper with com.llamalad7.mixinextras.wrapper.factory.FactoryRedirectWrapperInjectionInfo
[03Mar2026 00:25:37.504] [main/DEBUG] [mixin/]: Mixing common.ResourceLocationMixin from platform-common.mixins.json into net.minecraft.resources.ResourceLocation
[03Mar2026 00:25:37.642] [main/DEBUG] [oshi.util.FileUtil/]: No oshi.properties file found from ClassLoader cpw.mods.modlauncher.TransformingClassLoader@18371d89
[03Mar2026 00:25:37.643] [main/DEBUG] [oshi.util.FileUtil/]: No oshi.properties file found from ClassLoader jdk.internal.loader.ClassLoaders$AppClassLoader@76ed5528
[03Mar2026 00:25:37.702] [main/DEBUG] [oshi.util.FileUtil/]: Reading file /proc/self/auxv
[03Mar2026 00:25:37.703] [main/DEBUG] [oshi.util.FileUtil/]: Reading file /proc/self/auxv
[03Mar2026 00:25:37.715] [main/DEBUG] [oshi.util.FileUtil/]: Reading file /proc/stat
[03Mar2026 00:25:37.731] [main/DEBUG] [oshi.util.FileUtil/]: Reading file /sys/devices/system/cpu/cpu0/topology/core_id
[03Mar2026 00:25:37.732] [main/DEBUG] [oshi.util.FileUtil/]: Reading file /sys/devices/system/cpu/cpu0/topology/core_id
[03Mar2026 00:25:37.732] [main/DEBUG] [oshi.util.FileUtil/]: Reading file /sys/devices/system/cpu/cpu0/topology/physical_package_id
[03Mar2026 00:25:37.732] [main/DEBUG] [oshi.util.FileUtil/]: Reading file /sys/devices/system/cpu/cpu0/topology/physical_package_id
[03Mar2026 00:25:37.733] [main/DEBUG] [oshi.util.FileUtil/]: Reading file /sys/devices/system/cpu/cpu0/cpu_capacity
[03Mar2026 00:25:37.735] [main/DEBUG] [oshi.util.FileUtil/]: Reading file /sys/devices/system/cpu/cpu1/topology/core_id
[03Mar2026 00:25:37.736] [main/DEBUG] [oshi.util.FileUtil/]: Reading file /sys/devices/system/cpu/cpu1/topology/core_id
[03Mar2026 00:25:37.736] [main/DEBUG] [oshi.util.FileUtil/]: Reading file /sys/devices/system/cpu/cpu1/topology/physical_package_id
[03Mar2026 00:25:37.736] [main/DEBUG] [oshi.util.FileUtil/]: Reading file /sys/devices/system/cpu/cpu1/topology/physical_package_id
[03Mar2026 00:25:37.737] [main/DEBUG] [oshi.util.FileUtil/]: Reading file /sys/devices/system/cpu/cpu1/cpu_capacity
[03Mar2026 00:25:37.737] [main/DEBUG] [oshi.util.FileUtil/]: Reading file /sys/devices/system/cpu/cpu2/topology/core_id
[03Mar2026 00:25:37.738] [main/DEBUG] [oshi.util.FileUtil/]: Reading file /sys/devices/system/cpu/cpu2/topology/core_id
[03Mar2026 00:25:37.738] [main/DEBUG] [oshi.util.FileUtil/]: Reading file /sys/devices/system/cpu/cpu2/topology/physical_package_id
[03Mar2026 00:25:37.738] [main/DEBUG] [oshi.util.FileUtil/]: Reading file /sys/devices/system/cpu/cpu2/topology/physical_package_id
[03Mar2026 00:25:37.739] [main/DEBUG] [oshi.util.FileUtil/]: Reading file /sys/devices/system/cpu/cpu2/cpu_capacity
[03Mar2026 00:25:37.739] [main/DEBUG] [oshi.util.FileUtil/]: Reading file /sys/devices/system/cpu/cpu3/topology/core_id
[03Mar2026 00:25:37.740] [main/DEBUG] [oshi.util.FileUtil/]: Reading file /sys/devices/system/cpu/cpu3/topology/core_id
[03Mar2026 00:25:37.740] [main/DEBUG] [oshi.util.FileUtil/]: Reading file /sys/devices/system/cpu/cpu3/topology/physical_package_id
[03Mar2026 00:25:37.740] [main/DEBUG] [oshi.util.FileUtil/]: Reading file /sys/devices/system/cpu/cpu3/topology/physical_package_id
[03Mar2026 00:25:37.741] [main/DEBUG] [oshi.util.FileUtil/]: Reading file /sys/devices/system/cpu/cpu3/cpu_capacity
[03Mar2026 00:25:37.746] [main/DEBUG] [oshi.util.FileUtil/]: Reading file /proc/cpuinfo
[03Mar2026 00:25:37.762] [main/DEBUG] [oshi.util.FileUtil/]: Reading file /proc/self/auxv
[03Mar2026 00:25:37.764] [main/DEBUG] [oshi.util.FileUtil/]: No oshi.architecture.properties file found from ClassLoader cpw.mods.modlauncher.TransformingClassLoader@18371d89
[03Mar2026 00:25:37.765] [main/DEBUG] [oshi.util.FileUtil/]: No oshi.architecture.properties file found from ClassLoader jdk.internal.loader.ClassLoaders$AppClassLoader@76ed5528
[03Mar2026 00:25:37.788] [main/DEBUG] [oshi.util.FileUtil/]: Reading file /proc/meminfo
[03Mar2026 00:25:37.789] [main/DEBUG] [oshi.util.FileUtil/]: Reading file /proc/meminfo
[03Mar2026 00:25:37.992] [main/DEBUG] [mixin/]: Mixing accessor.ForgeRegistryForgeAccessor from puzzleslib.forge.mixins.json into net.minecraftforge.registries.ForgeRegistry
[03Mar2026 00:25:38.029] [main/DEBUG] [mixin/]: Mixing accessor.BlockAccessor from puzzleslib.common.mixins.json into net.minecraft.world.level.block.Block
[03Mar2026 00:25:38.073] [main/DEBUG] [mixin/]: Mixing EntityMixin from mmorpg.mixins.json into net.minecraft.world.entity.Entity
[03Mar2026 00:25:38.075] [main/DEBUG] [mixin/]: mmorpg.mixins.json:EntityMixin: Class version 61 required is higher than the class version supported by the current version of Mixin (JAVA_8 supports class version 52)
[03Mar2026 00:25:38.080] [main/DEBUG] [mixin/]: Mixing AccessorEntity from curios.mixins.json into net.minecraft.world.entity.Entity
[03Mar2026 00:25:38.082] [main/DEBUG] [mixin/]: Mixing EntityMixin from library_of_exile.mixins.json into net.minecraft.world.entity.Entity
[03Mar2026 00:25:38.082] [main/DEBUG] [mixin/]: library_of_exile.mixins.json:EntityMixin: Class version 61 required is higher than the class version supported by the current version of Mixin (JAVA_8 supports class version 52)
[03Mar2026 00:25:38.090] [main/DEBUG] [mixin/]: Mixing EntityMixin from improvedmobs.mixins.json into net.minecraft.world.entity.Entity
[03Mar2026 00:25:38.090] [main/DEBUG] [mixin/]: improvedmobs.mixins.json:EntityMixin: Class version 61 required is higher than the class version supported by the current version of Mixin (JAVA_16 supports class version 60)
[03Mar2026 00:25:38.193] [main/DEBUG] [mixin/]: Mixing LivingEntityMixin from mmorpg.mixins.json into net.minecraft.world.entity.LivingEntity
[03Mar2026 00:25:38.194] [main/DEBUG] [mixin/]: mmorpg.mixins.json:LivingEntityMixin: Class version 61 required is higher than the class version supported by the current version of Mixin (JAVA_8 supports class version 52)
[03Mar2026 00:25:38.228] [main/DEBUG] [mixin/]: Mixing StopMobDropWornGearInMapsMixin from mmorpg.mixins.json into net.minecraft.world.entity.LivingEntity
[03Mar2026 00:25:38.229] [main/DEBUG] [mixin/]: mmorpg.mixins.json:StopMobDropWornGearInMapsMixin: Class version 61 required is higher than the class version supported by the current version of Mixin (JAVA_8 supports class version 52)
[03Mar2026 00:25:38.236] [main/DEBUG] [mixin/]: Mixing common.LivingEntityMixin from rottencreatures-common.mixins.json into net.minecraft.world.entity.LivingEntity
[03Mar2026 00:25:38.247] [main/DEBUG] [net.minecraftforge.coremod.transformer.CoreModBaseTransformer/COREMOD]: Transforming net/minecraft/world/effect/MobEffectInstance
[03Mar2026 00:25:38.263] [main/DEBUG] [mixin/]: Mixing MixinLivingEntity from curios.mixins.json into net.minecraft.world.entity.LivingEntity
[03Mar2026 00:25:38.267] [main/DEBUG] [mixin/]: Mixing LivingEntityMixin from library_of_exile.mixins.json into net.minecraft.world.entity.LivingEntity
[03Mar2026 00:25:38.268] [main/DEBUG] [mixin/]: library_of_exile.mixins.json:LivingEntityMixin: Class version 61 required is higher than the class version supported by the current version of Mixin (JAVA_8 supports class version 52)
[03Mar2026 00:25:38.272] [main/DEBUG] [mixin/]: Mixing LivingEntityMixin from improvedmobs.mixins.json into net.minecraft.world.entity.LivingEntity
[03Mar2026 00:25:38.272] [main/DEBUG] [mixin/]: improvedmobs.mixins.json:LivingEntityMixin: Class version 61 required is higher than the class version supported by the current version of Mixin (JAVA_16 supports class version 60)
[03Mar2026 00:25:38.532] [main/DEBUG] [mixin/]: Mixing LevelMixin from library_of_exile.mixins.json into net.minecraft.world.level.Level
[03Mar2026 00:25:38.532] [main/DEBUG] [mixin/]: library_of_exile.mixins.json:LevelMixin: Class version 61 required is higher than the class version supported by the current version of Mixin (JAVA_8 supports class version 52)
[03Mar2026 00:25:38.596] [main/DEBUG] [mixin/]: Mixing common.ServerLevelMixin from rottencreatures-common.mixins.json into net.minecraft.server.level.ServerLevel
[03Mar2026 00:25:38.784] [main/DEBUG] [mixin/]: Mixing access.ItemAccessor from platform.mixins.json into net.minecraft.world.item.Item
[03Mar2026 00:25:38.800] [main/DEBUG] [net.minecraftforge.coremod.transformer.CoreModBaseTransformer/COREMOD]: Transforming net/minecraft/world/entity/EntityType
[03Mar2026 00:25:38.883] [main/DEBUG] [mixin/]: Mixing EntityTypeMixin from improvedmobs.mixins.json into net.minecraft.world.entity.EntityType
[03Mar2026 00:25:38.886] [main/DEBUG] [mixin/]: improvedmobs.mixins.json:EntityTypeMixin: Class version 61 required is higher than the class version supported by the current version of Mixin (JAVA_16 supports class version 60)
[03Mar2026 00:25:38.911] [main/DEBUG] [mixin/]: Mixing access.MobEffectAccessor from rottencreatures-common.mixins.json into net.minecraft.world.effect.MobEffect
[03Mar2026 00:25:38.911] [main/DEBUG] [mixin/]: Renaming @Invoker method createMobEffect(Lnet/minecraft/world/effect/MobEffectCategory;I)Lnet/minecraft/world/effect/MobEffect; to createMobEffect_$md$3e92c3$0 in rottencreatures-common.mixins.json:access.MobEffectAccessor
[03Mar2026 00:25:38.921] [main/DEBUG] [mixin/]: Mixing common.BlockEntityTypeMixin from platform-common.mixins.json into net.minecraft.world.level.block.entity.BlockEntityType
[03Mar2026 00:25:38.954] [main/DEBUG] [mixin/]: Mixing access.SensorTypeAccessor from platform-common.mixins.json into net.minecraft.world.entity.ai.sensing.SensorType
[03Mar2026 00:25:38.954] [main/DEBUG] [mixin/]: Renaming @Invoker method createSensorType(Ljava/util/function/Supplier;)Lnet/minecraft/world/entity/ai/sensing/SensorType; to createSensorType_$md$3e92c3$0 in platform-common.mixins.json:access.SensorTypeAccessor
[03Mar2026 00:25:38.958] [main/DEBUG] [mixin/]: Mixing access.ActivityAccessor from platform-common.mixins.json into net.minecraft.world.entity.schedule.Activity
[03Mar2026 00:25:38.958] [main/DEBUG] [mixin/]: Renaming @Invoker method createActivity(Ljava/lang/String;)Lnet/minecraft/world/entity/schedule/Activity; to createActivity_$md$3e92c3$0 in platform-common.mixins.json:access.ActivityAccessor
[03Mar2026 00:25:39.008] [main/DEBUG] [mixin/]: Mixing accessor.FireBlockForgeAccessor from puzzleslib.forge.mixins.json into net.minecraft.world.level.block.FireBlock
[03Mar2026 00:25:39.213] [main/DEBUG] [net.minecraftforge.coremod.transformer.CoreModBaseTransformer/COREMOD]: Transforming net/minecraft/world/level/block/LiquidBlock
[03Mar2026 00:25:39.264] [main/DEBUG] [net.minecraftforge.coremod.transformer.CoreModBaseTransformer/COREMOD]: Transforming net/minecraft/world/level/block/StairBlock
[03Mar2026 00:25:39.347] [main/DEBUG] [mixin/]: Mixing common.LayeredCauldronBlockMixin from rottencreatures-common.mixins.json into net.minecraft.world.level.block.LayeredCauldronBlock
[03Mar2026 00:25:39.362] [main/DEBUG] [mixin/]: Mixing common.LavaCauldronBlockMixin from rottencreatures-common.mixins.json into net.minecraft.world.level.block.LavaCauldronBlock
[03Mar2026 00:25:39.383] [main/DEBUG] [net.minecraftforge.coremod.transformer.CoreModBaseTransformer/COREMOD]: Transforming net/minecraft/world/level/block/FlowerPotBlock
[03Mar2026 00:25:39.502] [main/DEBUG] [mixin/]: Mixing common.PowderSnowBlockMixin from rottencreatures-common.mixins.json into net.minecraft.world.level.block.PowderSnowBlock
[03Mar2026 00:25:39.504] [main/DEBUG] [mixin/]: Mixing MixinPowderSnowBlock from curios.mixins.json into net.minecraft.world.level.block.PowderSnowBlock
[03Mar2026 00:25:39.554] [main/DEBUG] [mixin/]: Mixing access.BuiltInLootTablesAccessor from rottencreatures-common.mixins.json into net.minecraft.world.level.storage.loot.BuiltInLootTables
[03Mar2026 00:25:39.555] [main/DEBUG] [mixin/]: Renaming @Invoker method callRegister(Lnet/minecraft/resources/ResourceLocation;)Lnet/minecraft/resources/ResourceLocation; to callRegister_$md$3e92c3$0 in rottencreatures-common.mixins.json:access.BuiltInLootTablesAccessor
[03Mar2026 00:25:39.671] [main/DEBUG] [mixin/]: Mixing FallingBlockEntityMixin from mmorpg.mixins.json into net.minecraft.world.entity.item.FallingBlockEntity
[03Mar2026 00:25:39.671] [main/DEBUG] [mixin/]: mmorpg.mixins.json:FallingBlockEntityMixin: Class version 61 required is higher than the class version supported by the current version of Mixin (JAVA_8 supports class version 52)
[03Mar2026 00:25:40.023] [main/DEBUG] [mixin/]: Mixing TNTEntityMixin from improvedmobs.mixins.json into net.minecraft.world.entity.item.PrimedTnt
[03Mar2026 00:25:40.023] [main/DEBUG] [mixin/]: improvedmobs.mixins.json:TNTEntityMixin: Class version 61 required is higher than the class version supported by the current version of Mixin (JAVA_16 supports class version 60)
[03Mar2026 00:25:40.075] [main/DEBUG] [mixin/]: Mixing access.SimpleParticleTypeAccessor from platform-common.mixins.json into net.minecraft.core.particles.SimpleParticleType
[03Mar2026 00:25:40.077] [main/DEBUG] [mixin/]: Renaming @Invoker method createSimpleParticleType(Z)Lnet/minecraft/core/particles/SimpleParticleType; to createSimpleParticleType_$md$3e92c3$0 in platform-common.mixins.json:access.SimpleParticleTypeAccessor
[03Mar2026 00:25:40.320] [main/DEBUG] [mixin/]: Mixing accessor.AbstractContainerMenuAccessor from puzzleslib.common.mixins.json into net.minecraft.world.inventory.AbstractContainerMenu
[03Mar2026 00:25:40.410] [main/DEBUG] [mixin/]: Mixing ArrowShootMixin from mmorpg.mixins.json into net.minecraft.world.entity.projectile.Projectile
[03Mar2026 00:25:40.411] [main/DEBUG] [mixin/]: mmorpg.mixins.json:ArrowShootMixin: Class version 61 required is higher than the class version supported by the current version of Mixin (JAVA_8 supports class version 52)
[03Mar2026 00:25:40.449] [main/DEBUG] [mixin/]: Mixing MobEntityMixin from library_of_exile.mixins.json into net.minecraft.world.entity.Mob
[03Mar2026 00:25:40.449] [main/DEBUG] [mixin/]: library_of_exile.mixins.json:MobEntityMixin: Class version 61 required is higher than the class version supported by the current version of Mixin (JAVA_8 supports class version 52)
[03Mar2026 00:25:40.452] [main/DEBUG] [mixin/]: Mixing MobEntityMixin from improvedmobs.mixins.json into net.minecraft.world.entity.Mob
[03Mar2026 00:25:40.452] [main/DEBUG] [mixin/]: improvedmobs.mixins.json:MobEntityMixin: Class version 61 required is higher than the class version supported by the current version of Mixin (JAVA_16 supports class version 60)
[03Mar2026 00:25:40.453] [main/DEBUG] [mixin/]: Mixing MobMixin from improvedmobs.mixins.json into net.minecraft.world.entity.Mob
[03Mar2026 00:25:40.453] [main/DEBUG] [mixin/]: improvedmobs.mixins.json:MobMixin: Class version 61 required is higher than the class version supported by the current version of Mixin (JAVA_16 supports class version 60)
[03Mar2026 00:25:40.647] [main/DEBUG] [net.minecraftforge.coremod.transformer.CoreModBaseTransformer/COREMOD]: Transforming net/minecraft/world/item/ItemStack
[03Mar2026 00:25:40.649] [main/DEBUG] [mixin/]: Mixing common.ItemStackMixin from rottencreatures-common.mixins.json into net.minecraft.world.item.ItemStack
[03Mar2026 00:25:40.652] [main/DEBUG] [mixin/]: Mixing ItemStackMixin from library_of_exile.mixins.json into net.minecraft.world.item.ItemStack
[03Mar2026 00:25:40.652] [main/DEBUG] [mixin/]: library_of_exile.mixins.json:ItemStackMixin: Class version 61 required is higher than the class version supported by the current version of Mixin (JAVA_8 supports class version 52)
[03Mar2026 00:25:41.527] [main/DEBUG] [net.minecraftforge.coremod.transformer.CoreModBaseTransformer/COREMOD]: Transforming net/minecraft/world/entity/animal/frog/Tadpole
[03Mar2026 00:25:41.561] [main/DEBUG] [mixin/]: Mixing accessor.BlockItemAccessor from puzzleslib.common.mixins.json into net.minecraft.world.item.BlockItem
[03Mar2026 00:25:41.577] [main/DEBUG] [net.minecraftforge.coremod.transformer.CoreModBaseTransformer/COREMOD]: Transforming net/minecraft/world/item/BucketItem
[03Mar2026 00:25:41.590] [main/DEBUG] [mixin/]: Mixing common.ShearsItemMixin from platform-common.mixins.json into net.minecraft.world.item.ShearsItem
[03Mar2026 00:25:41.593] [main/DEBUG] [mixin/]: Mixing MixinShearsItem from curios.mixins.json into net.minecraft.world.item.ShearsItem
[03Mar2026 00:25:41.659] [main/DEBUG] [mixin/]: Mixing pathfinding.PathNavigationMixin from improvedmobs.mixins.json into net.minecraft.world.entity.ai.navigation.PathNavigation
[03Mar2026 00:25:41.659] [main/DEBUG] [mixin/]: improvedmobs.mixins.json:pathfinding.PathNavigationMixin: Class version 61 required is higher than the class version supported by the current version of Mixin (JAVA_16 supports class version 60)
[03Mar2026 00:25:42.367] [main/DEBUG] [mixin/]: Mixing TargetGoalAccessor from improvedmobs.mixins.json into net.minecraft.world.entity.ai.goal.target.TargetGoal
[03Mar2026 00:25:42.368] [main/DEBUG] [mixin/]: improvedmobs.mixins.json:TargetGoalAccessor: Class version 61 required is higher than the class version supported by the current version of Mixin (JAVA_16 supports class version 60)
[03Mar2026 00:25:42.368] [main/DEBUG] [mixin/]: Mixing TargetGoalMixin from improvedmobs.mixins.json into net.minecraft.world.entity.ai.goal.target.TargetGoal
[03Mar2026 00:25:42.368] [main/DEBUG] [mixin/]: improvedmobs.mixins.json:TargetGoalMixin: Class version 61 required is higher than the class version supported by the current version of Mixin (JAVA_16 supports class version 60)
[03Mar2026 00:25:42.371] [main/DEBUG] [mixin/]: Mixing NearestTargetGoalMixin from improvedmobs.mixins.json into net.minecraft.world.entity.ai.goal.target.NearestAttackableTargetGoal
[03Mar2026 00:25:42.372] [main/DEBUG] [mixin/]: improvedmobs.mixins.json:NearestTargetGoalMixin: Class version 61 required is higher than the class version supported by the current version of Mixin (JAVA_16 supports class version 60)
[03Mar2026 00:25:42.403] [main/DEBUG] [net.minecraftforge.coremod.transformer.CoreModBaseTransformer/COREMOD]: Transforming net/minecraft/world/entity/monster/Spider
[03Mar2026 00:25:42.448] [main/DEBUG] [net.minecraftforge.coremod.transformer.CoreModBaseTransformer/COREMOD]: Transforming net/minecraft/world/entity/monster/Zombie
[03Mar2026 00:25:42.522] [main/DEBUG] [mixin/]: Mixing common.ZombieMixin from rottencreatures-common.mixins.json into net.minecraft.world.entity.monster.Zombie
[03Mar2026 00:25:42.533] [main/DEBUG] [net.minecraftforge.coremod.transformer.CoreModBaseTransformer/COREMOD]: Transforming net/minecraft/world/entity/monster/ZombieVillager
[03Mar2026 00:25:42.591] [main/DEBUG] [net.minecraftforge.coremod.transformer.CoreModBaseTransformer/COREMOD]: Transforming net/minecraft/world/entity/monster/Evoker$EvokerSummonSpellGoal
[03Mar2026 00:25:42.604] [main/DEBUG] [mixin/]: Mixing access.FireworkRocketEntityAccessor from rottencreatures-common.mixins.json into net.minecraft.world.entity.projectile.FireworkRocketEntity
[03Mar2026 00:25:42.708] [main/DEBUG] [mixin/]: Mixing PotionEntityMixin from improvedmobs.mixins.json into net.minecraft.world.entity.projectile.ThrownPotion
[03Mar2026 00:25:42.709] [main/DEBUG] [mixin/]: improvedmobs.mixins.json:PotionEntityMixin: Class version 61 required is higher than the class version supported by the current version of Mixin (JAVA_16 supports class version 60)
[03Mar2026 00:25:42.721] [main/DEBUG] [mixin/]: Mixing accessor.RavagerAccessor from mutantmonsters.common.mixins.json into net.minecraft.world.entity.monster.Ravager
[03Mar2026 00:25:42.741] [main/DEBUG] [net.minecraftforge.coremod.transformer.CoreModBaseTransformer/COREMOD]: Transforming net/minecraft/world/entity/animal/horse/SkeletonTrapGoal
[03Mar2026 00:25:42.760] [main/DEBUG] [net.minecraftforge.coremod.transformer.CoreModBaseTransformer/COREMOD]: Transforming net/minecraft/world/entity/monster/Strider
[03Mar2026 00:25:42.834] [main/DEBUG] [mixin/]: Mixing ServerPlayerMixin from library_of_exile.mixins.json into net.minecraft.server.level.ServerPlayer
[03Mar2026 00:25:42.834] [main/DEBUG] [mixin/]: library_of_exile.mixins.json:ServerPlayerMixin: Class version 61 required is higher than the class version supported by the current version of Mixin (JAVA_8 supports class version 52)
[03Mar2026 00:25:42.879] [main/DEBUG] [net.minecraftforge.coremod.transformer.CoreModBaseTransformer/COREMOD]: Transforming net/minecraft/world/entity/npc/Villager
[03Mar2026 00:25:42.990] [main/DEBUG] [net.minecraftforge.coremod.transformer.CoreModBaseTransformer/COREMOD]: Transforming net/minecraft/world/effect/MobEffectInstance
[03Mar2026 00:25:43.027] [main/DEBUG] [mixin/]: Mixing access.PotionBrewingAccessor from rottencreatures-common.mixins.json into net.minecraft.world.item.alchemy.PotionBrewing
[03Mar2026 00:25:43.027] [main/DEBUG] [mixin/]: Renaming @Invoker method callAddMix(Lnet/minecraft/world/item/alchemy/Potion;Lnet/minecraft/world/item/Item;Lnet/minecraft/world/item/alchemy/Potion;)V to callAddMix_$md$3e92c3$0 in rottencreatures-common.mixins.json:access.PotionBrewingAccessor
[03Mar2026 00:25:43.028] [main/DEBUG] [mixin/]: Mixing accessor.PotionBrewingForgeAccessor from puzzleslib.forge.mixins.json into net.minecraft.world.item.alchemy.PotionBrewing
[03Mar2026 00:25:43.028] [main/DEBUG] [mixin/]: Renaming @Accessor method puzzleslib$getPotionMixes()Ljava/util/List; to puzzleslib$getPotionMixes_$md$3e92c3$1 in puzzleslib.forge.mixins.json:accessor.PotionBrewingForgeAccessor
[03Mar2026 00:25:43.028] [main/DEBUG] [mixin/]: Renaming @Accessor method puzzleslib$getContainerMixes()Ljava/util/List; to puzzleslib$getContainerMixes_$md$3e92c3$2 in puzzleslib.forge.mixins.json:accessor.PotionBrewingForgeAccessor
[03Mar2026 00:25:43.028] [main/DEBUG] [mixin/]: Renaming @Accessor method puzzleslib$getAllowedContainers()Ljava/util/List; to puzzleslib$getAllowedContainers_$md$3e92c3$3 in puzzleslib.forge.mixins.json:accessor.PotionBrewingForgeAccessor
[03Mar2026 00:25:43.167] [main/DEBUG] [mixin/]: Mixing MixinInventory from curios.mixins.json into net.minecraft.world.entity.player.Inventory
[03Mar2026 00:25:43.181] [main/DEBUG] [mixin/]: Mixing accessor.SimpleContainerAccessor from puzzleslib.common.mixins.json into net.minecraft.world.SimpleContainer
[03Mar2026 00:25:43.299] [main/DEBUG] [mixin/]: Mixing MixinApplyBonusCount from curios.mixins.json into net.minecraft.world.level.storage.loot.functions.ApplyBonusCount
[03Mar2026 00:25:43.520] [main/DEBUG] [net.minecraftforge.coremod.transformer.CoreModBaseTransformer/COREMOD]: Transforming net/minecraft/world/level/levelgen/structure/Structure
[03Mar2026 00:25:43.557] [main/DEBUG] [net.minecraftforge.coremod.transformer.CoreModBaseTransformer/COREMOD]: Transforming net/minecraft/world/level/levelgen/structure/structures/OceanRuinPieces$OceanRuinPiece
[03Mar2026 00:25:43.572] [main/DEBUG] [net.minecraftforge.coremod.transformer.CoreModBaseTransformer/COREMOD]: Transforming net/minecraft/world/level/levelgen/structure/structures/SwampHutPiece
[03Mar2026 00:25:43.584] [main/DEBUG] [net.minecraftforge.coremod.transformer.CoreModBaseTransformer/COREMOD]: Transforming net/minecraft/world/level/levelgen/structure/structures/OceanMonumentPieces$OceanMonumentPiece
[03Mar2026 00:25:43.603] [main/DEBUG] [net.minecraftforge.coremod.transformer.CoreModBaseTransformer/COREMOD]: Transforming net/minecraft/world/level/levelgen/structure/structures/WoodlandMansionPieces$WoodlandMansionPiece
[03Mar2026 00:25:43.711] [main/DEBUG] [net.minecraftforge.coremod.transformer.CoreModBaseTransformer/COREMOD]: Transforming net/minecraft/world/level/biome/Biome
[03Mar2026 00:25:43.739] [main/DEBUG] [mixin/]: Mixing accessor.MobSpawnSettingsBuilderForgeAccessor from puzzleslib.forge.mixins.json into net.minecraft.world.level.biome.MobSpawnSettings$Builder
[03Mar2026 00:25:43.974] [main/DEBUG] [net.minecraftforge.common.ForgeI18n/CORE]: Loading I18N data entries: 6430
[03Mar2026 00:25:43.990] [main/DEBUG] [net.minecraftforge.fml.ModWorkManager/LOADING]: Using 4 threads for parallel mod-loading
[03Mar2026 00:25:43.996] [main/DEBUG] [net.minecraftforge.fml.javafmlmod.FMLJavaModLanguageProvider/LOADING]: Loading FMLModContainer from classloader cpw.mods.modlauncher.TransformingClassLoader@18371d89 - got cpw.mods.cl.ModuleClassLoader@4303b7f0
[03Mar2026 00:25:43.996] [main/DEBUG] [net.minecraftforge.fml.javafmlmod.FMLModContainer/LOADING]: Creating FMLModContainer instance for io.github.flemmli97.tenshilib.forge.TenshiLibForge
[03Mar2026 00:25:44.000] [main/DEBUG] [net.minecraftforge.fml.javafmlmod.FMLJavaModLanguageProvider/LOADING]: Loading FMLModContainer from classloader cpw.mods.modlauncher.TransformingClassLoader@18371d89 - got cpw.mods.cl.ModuleClassLoader@4303b7f0
[03Mar2026 00:25:44.000] [main/DEBUG] [net.minecraftforge.fml.javafmlmod.FMLModContainer/LOADING]: Creating FMLModContainer instance for fuzs.mutantmonsters.MutantMonstersForge
[03Mar2026 00:25:44.000] [main/DEBUG] [net.minecraftforge.fml.javafmlmod.FMLJavaModLanguageProvider/LOADING]: Loading FMLModContainer from classloader cpw.mods.modlauncher.TransformingClassLoader@18371d89 - got cpw.mods.cl.ModuleClassLoader@4303b7f0
[03Mar2026 00:25:44.001] [main/DEBUG] [net.minecraftforge.fml.javafmlmod.FMLModContainer/LOADING]: Creating FMLModContainer instance for com.robertx22.the_harvest.main.HarvestMain
[03Mar2026 00:25:44.002] [main/DEBUG] [net.minecraftforge.fml.javafmlmod.FMLJavaModLanguageProvider/LOADING]: Loading FMLModContainer from classloader cpw.mods.modlauncher.TransformingClassLoader@18371d89 - got cpw.mods.cl.ModuleClassLoader@4303b7f0
[03Mar2026 00:25:44.002] [main/DEBUG] [net.minecraftforge.fml.javafmlmod.FMLModContainer/LOADING]: Creating FMLModContainer instance for software.bernie.example.GeckoLibMod
[03Mar2026 00:25:44.002] [main/DEBUG] [net.minecraftforge.fml.javafmlmod.FMLJavaModLanguageProvider/LOADING]: Loading FMLModContainer from classloader cpw.mods.modlauncher.TransformingClassLoader@18371d89 - got cpw.mods.cl.ModuleClassLoader@4303b7f0
[03Mar2026 00:25:44.002] [main/DEBUG] [net.minecraftforge.fml.javafmlmod.FMLModContainer/LOADING]: Creating FMLModContainer instance for dev.kosmx.playerAnim.forge.ForgeModInterface
[03Mar2026 00:25:44.003] [main/DEBUG] [net.minecraftforge.fml.javafmlmod.FMLJavaModLanguageProvider/LOADING]: Loading FMLModContainer from classloader cpw.mods.modlauncher.TransformingClassLoader@18371d89 - got cpw.mods.cl.ModuleClassLoader@4303b7f0
[03Mar2026 00:25:44.003] [main/DEBUG] [net.minecraftforge.fml.javafmlmod.FMLModContainer/LOADING]: Creating FMLModContainer instance for org.popcraft.chunky.ChunkyForge
[03Mar2026 00:25:44.004] [main/DEBUG] [net.minecraftforge.fml.javafmlmod.FMLJavaModLanguageProvider/LOADING]: Loading FMLModContainer from classloader cpw.mods.modlauncher.TransformingClassLoader@18371d89 - got cpw.mods.cl.ModuleClassLoader@4303b7f0
[03Mar2026 00:25:44.004] [main/DEBUG] [net.minecraftforge.fml.javafmlmod.FMLModContainer/LOADING]: Creating FMLModContainer instance for com.blackgear.platform.forge.PlatformForge
[03Mar2026 00:25:44.004] [main/DEBUG] [net.minecraftforge.fml.javafmlmod.FMLJavaModLanguageProvider/LOADING]: Loading FMLModContainer from classloader cpw.mods.modlauncher.TransformingClassLoader@18371d89 - got cpw.mods.cl.ModuleClassLoader@4303b7f0
[03Mar2026 00:25:44.004] [main/DEBUG] [net.minecraftforge.fml.javafmlmod.FMLModContainer/LOADING]: Creating FMLModContainer instance for com.robertx22.mine_and_slash.mmorpg.MMORPG
[03Mar2026 00:25:44.005] [main/DEBUG] [net.minecraftforge.fml.javafmlmod.FMLJavaModLanguageProvider/LOADING]: Loading FMLModContainer from classloader cpw.mods.modlauncher.TransformingClassLoader@18371d89 - got cpw.mods.cl.ModuleClassLoader@4303b7f0
[03Mar2026 00:25:44.005] [main/DEBUG] [net.minecraftforge.fml.javafmlmod.FMLModContainer/LOADING]: Creating FMLModContainer instance for net.mcreator.borninchaosv.BornInChaosV1Mod
[03Mar2026 00:25:44.006] [main/DEBUG] [net.minecraftforge.fml.javafmlmod.FMLJavaModLanguageProvider/LOADING]: Loading FMLModContainer from classloader cpw.mods.modlauncher.TransformingClassLoader@18371d89 - got cpw.mods.cl.ModuleClassLoader@4303b7f0
[03Mar2026 00:25:44.006] [main/DEBUG] [net.minecraftforge.fml.javafmlmod.FMLModContainer/LOADING]: Creating FMLModContainer instance for com.github.teamfusion.rottencreatures.forge.RottenCreaturesForge
[03Mar2026 00:25:44.006] [main/DEBUG] [net.minecraftforge.fml.javafmlmod.FMLJavaModLanguageProvider/LOADING]: Loading FMLModContainer from classloader cpw.mods.modlauncher.TransformingClassLoader@18371d89 - got cpw.mods.cl.ModuleClassLoader@4303b7f0
[03Mar2026 00:25:44.006] [main/DEBUG] [net.minecraftforge.fml.javafmlmod.FMLModContainer/LOADING]: Creating FMLModContainer instance for net.p3pp3rf1y.sophisticatedcore.SophisticatedCore
[03Mar2026 00:25:44.007] [main/DEBUG] [net.minecraftforge.fml.javafmlmod.FMLJavaModLanguageProvider/LOADING]: Loading FMLModContainer from classloader cpw.mods.modlauncher.TransformingClassLoader@18371d89 - got cpw.mods.cl.ModuleClassLoader@4303b7f0
[03Mar2026 00:25:44.007] [main/DEBUG] [net.minecraftforge.fml.javafmlmod.FMLModContainer/LOADING]: Creating FMLModContainer instance for com.robertx22.dungeon_realm.main.DungeonMain
[03Mar2026 00:25:44.007] [main/DEBUG] [net.minecraftforge.fml.javafmlmod.FMLJavaModLanguageProvider/LOADING]: Loading FMLModContainer from classloader cpw.mods.modlauncher.TransformingClassLoader@18371d89 - got cpw.mods.cl.ModuleClassLoader@4303b7f0
[03Mar2026 00:25:44.008] [main/DEBUG] [net.minecraftforge.fml.javafmlmod.FMLModContainer/LOADING]: Creating FMLModContainer instance for top.theillusivec4.curios.Curios
[03Mar2026 00:25:44.009] [main/DEBUG] [net.minecraftforge.fml.lowcodemod.LowCodeModLanguageProvider.LowCodeModTarget/LOADING]: Loading LowCodeModContainer from classloader cpw.mods.modlauncher.TransformingClassLoader@18371d89 - got cpw.mods.cl.ModuleClassLoader@4303b7f0
[03Mar2026 00:25:44.009] [main/DEBUG] [net.minecraftforge.fml.lowcodemod.LowCodeModContainer/LOADING]: Creating LowCodeModContainer for mr_dungeons_andtaverns
[03Mar2026 00:25:44.009] [main/DEBUG] [net.minecraftforge.fml.javafmlmod.FMLJavaModLanguageProvider/LOADING]: Loading FMLModContainer from classloader cpw.mods.modlauncher.TransformingClassLoader@18371d89 - got cpw.mods.cl.ModuleClassLoader@4303b7f0
[03Mar2026 00:25:44.009] [main/DEBUG] [net.minecraftforge.fml.javafmlmod.FMLModContainer/LOADING]: Creating FMLModContainer instance for com.llamalad7.mixinextras.platform.forge.MixinExtrasMod
[03Mar2026 00:25:44.010] [main/DEBUG] [net.minecraftforge.fml.javafmlmod.FMLJavaModLanguageProvider/LOADING]: Loading FMLModContainer from classloader cpw.mods.modlauncher.TransformingClassLoader@18371d89 - got cpw.mods.cl.ModuleClassLoader@4303b7f0
[03Mar2026 00:25:44.010] [main/DEBUG] [net.minecraftforge.fml.javafmlmod.FMLModContainer/LOADING]: Creating FMLModContainer instance for com.robertx22.library_of_exile.main.CommonInit
[03Mar2026 00:25:44.011] [main/DEBUG] [net.minecraftforge.fml.javafmlmod.FMLJavaModLanguageProvider/LOADING]: Loading FMLModContainer from classloader cpw.mods.modlauncher.TransformingClassLoader@18371d89 - got cpw.mods.cl.ModuleClassLoader@4303b7f0
[03Mar2026 00:25:44.011] [main/DEBUG] [net.minecraftforge.fml.javafmlmod.FMLModContainer/LOADING]: Creating FMLModContainer instance for net.p3pp3rf1y.sophisticatedbackpacks.SophisticatedBackpacks
[03Mar2026 00:25:44.012] [main/DEBUG] [net.minecraftforge.fml.javafmlmod.FMLJavaModLanguageProvider/LOADING]: Loading FMLModContainer from classloader cpw.mods.modlauncher.TransformingClassLoader@18371d89 - got cpw.mods.cl.ModuleClassLoader@4303b7f0
[03Mar2026 00:25:44.012] [main/DEBUG] [net.minecraftforge.fml.javafmlmod.FMLModContainer/LOADING]: Creating FMLModContainer instance for com.robertx22.ancient_obelisks.main.ObelisksMain
[03Mar2026 00:25:44.013] [main/DEBUG] [net.minecraftforge.fml.javafmlmod.FMLJavaModLanguageProvider/LOADING]: Loading FMLModContainer from classloader cpw.mods.modlauncher.TransformingClassLoader@18371d89 - got cpw.mods.cl.ModuleClassLoader@4303b7f0
[03Mar2026 00:25:44.013] [main/DEBUG] [net.minecraftforge.fml.javafmlmod.FMLModContainer/LOADING]: Creating FMLModContainer instance for fuzs.puzzleslib.impl.PuzzlesLibForge
[03Mar2026 00:25:44.013] [main/DEBUG] [net.minecraftforge.fml.javafmlmod.FMLJavaModLanguageProvider/LOADING]: Loading FMLModContainer from classloader cpw.mods.modlauncher.TransformingClassLoader@18371d89 - got cpw.mods.cl.ModuleClassLoader@4303b7f0
[03Mar2026 00:25:44.013] [main/DEBUG] [net.minecraftforge.fml.javafmlmod.FMLModContainer/LOADING]: Creating FMLModContainer instance for fuzs.puzzlesaccessapi.forge.PuzzlesAccessApiForge
[03Mar2026 00:25:44.014] [main/DEBUG] [net.minecraftforge.fml.javafmlmod.FMLJavaModLanguageProvider/LOADING]: Loading FMLModContainer from classloader cpw.mods.modlauncher.TransformingClassLoader@18371d89 - got cpw.mods.cl.ModuleClassLoader@4303b7f0
[03Mar2026 00:25:44.014] [main/DEBUG] [net.minecraftforge.fml.javafmlmod.FMLModContainer/LOADING]: Creating FMLModContainer instance for me.shedaniel.clothconfig.ClothConfigForge
[03Mar2026 00:25:44.014] [main/DEBUG] [net.minecraftforge.fml.javafmlmod.FMLJavaModLanguageProvider/LOADING]: Loading FMLModContainer from classloader cpw.mods.modlauncher.TransformingClassLoader@18371d89 - got cpw.mods.cl.ModuleClassLoader@4303b7f0
[03Mar2026 00:25:44.014] [main/DEBUG] [net.minecraftforge.fml.javafmlmod.FMLModContainer/LOADING]: Creating FMLModContainer instance for net.minecraftforge.common.ForgeMod
[03Mar2026 00:25:44.016] [main/DEBUG] [net.minecraftforge.fml.javafmlmod.FMLJavaModLanguageProvider/LOADING]: Loading FMLModContainer from classloader cpw.mods.modlauncher.TransformingClassLoader@18371d89 - got cpw.mods.cl.ModuleClassLoader@4303b7f0
[03Mar2026 00:25:44.016] [main/DEBUG] [net.minecraftforge.fml.javafmlmod.FMLModContainer/LOADING]: Creating FMLModContainer instance for io.github.flemmli97.improvedmobs.forge.ImprovedMobsForge
[03Mar2026 00:25:44.039] [modloading-worker-0/DEBUG] [net.minecraftforge.fml.javafmlmod.AutomaticEventSubscriber/LOADING]: Attempting to inject @EventBusSubscriber classes into the eventbus for mutantmonsters
[03Mar2026 00:25:44.051] [modloading-worker-0/DEBUG] [net.minecraftforge.fml.javafmlmod.AutomaticEventSubscriber/LOADING]: Auto-subscribing fuzs.mutantmonsters.MutantMonstersForge to MOD
[03Mar2026 00:25:44.082] [modloading-worker-0/DEBUG] [net.minecraftforge.fml.javafmlmod.AutomaticEventSubscriber/LOADING]: Attempting to inject @EventBusSubscriber classes into the eventbus for tenshilib
[03Mar2026 00:25:44.084] [modloading-worker-0/DEBUG] [net.minecraftforge.fml.javafmlmod.AutomaticEventSubscriber/LOADING]: Attempting to inject @EventBusSubscriber classes into the eventbus for playeranimator
[03Mar2026 00:25:44.097] [modloading-worker-0/DEBUG] [net.minecraftforge.fml.config.ConfigTracker/CONFIG]: Config file the_harvest_dimension-server.toml for the_harvest tracking
[03Mar2026 00:25:44.105] [modloading-worker-0/DEBUG] [net.minecraftforge.fml.javafmlmod.AutomaticEventSubscriber/LOADING]: Attempting to inject @EventBusSubscriber classes into the eventbus for geckolib
[03Mar2026 00:25:44.103] [modloading-worker-0/INFO] [Puzzles Lib/]: Constructing common components for mutantmonsters:main
[03Mar2026 00:25:44.106] [modloading-worker-0/DEBUG] [net.minecraftforge.fml.javafmlmod.AutomaticEventSubscriber/LOADING]: Auto-subscribing software.bernie.example.GeckoLibMod to FORGE
[03Mar2026 00:25:44.109] [modloading-worker-0/DEBUG] [net.minecraftforge.fml.javafmlmod.AutomaticEventSubscriber/LOADING]: Auto-subscribing software.bernie.example.CommonListener to MOD
[03Mar2026 00:25:44.122] [modloading-worker-0/DEBUG] [net.minecraftforge.fml.javafmlmod.AutomaticEventSubscriber/LOADING]: Attempting to inject @EventBusSubscriber classes into the eventbus for chunky
[03Mar2026 00:25:44.125] [modloading-worker-0/DEBUG] [mixin/]: Mixing common.ExplosionMixin from rottencreatures-common.mixins.json into net.minecraft.world.level.Explosion
[03Mar2026 00:25:44.139] [modloading-worker-0/DEBUG] [net.minecraftforge.fml.config.ConfigTracker/CONFIG]: Config file mutantmonsters-common.toml for mutantmonsters tracking
[03Mar2026 00:25:44.143] [modloading-worker-0/INFO] [Exile Log: com.robertx22.library_of_exile.registry.helpers.OrderedModConstructor/]: Mod Constructor Registered : mmorpg
[03Mar2026 00:25:44.152] [modloading-worker-0/DEBUG] [net.minecraftforge.fml.config.ConfigTracker/CONFIG]: Config file mutantmonsters-server.toml for mutantmonsters tracking
[03Mar2026 00:25:44.165] [modloading-worker-0/DEBUG] [mixin/]: Mixing DamageSourceMixin from mmorpg.mixins.json into net.minecraft.world.damagesource.DamageSource
[03Mar2026 00:25:44.165] [modloading-worker-0/DEBUG] [mixin/]: mmorpg.mixins.json:DamageSourceMixin: Class version 61 required is higher than the class version supported by the current version of Mixin (JAVA_8 supports class version 52)
[03Mar2026 00:25:44.186] [modloading-worker-0/INFO] [Exile Log: com.robertx22.library_of_exile.registry.helpers.OrderedModConstructor/]: Mod Constructor Registered : the_harvest
[03Mar2026 00:25:44.198] [modloading-worker-0/DEBUG] [mixin/]: Mixing access.LevelResourceAccessor from platform-common.mixins.json into net.minecraft.world.level.storage.LevelResource
[03Mar2026 00:25:44.209] [modloading-worker-0/DEBUG] [com.blackgear.platform.core.util.config.ConfigTracker/]: Loading configs type COMMON
[03Mar2026 00:25:44.282] [modloading-worker-0/DEBUG] [net.minecraftforge.fml.javafmlmod.AutomaticEventSubscriber/LOADING]: Attempting to inject @EventBusSubscriber classes into the eventbus for platform
[03Mar2026 00:25:44.282] [modloading-worker-0/DEBUG] [net.minecraftforge.fml.javafmlmod.AutomaticEventSubscriber/LOADING]: Auto-subscribing com.blackgear.platform.forge.ForgeCommonEvents to FORGE
[03Mar2026 00:25:44.311] [modloading-worker-0/DEBUG] [mixin/]: Mixing PlayerManagerMixin from library_of_exile.mixins.json into net.minecraft.server.players.PlayerList
[03Mar2026 00:25:44.311] [modloading-worker-0/DEBUG] [mixin/]: library_of_exile.mixins.json:PlayerManagerMixin: Class version 61 required is higher than the class version supported by the current version of Mixin (JAVA_8 supports class version 52)
[03Mar2026 00:25:44.327] [modloading-worker-0/DEBUG] [net.minecraftforge.fml.javafmlmod.AutomaticEventSubscriber/LOADING]: Auto-subscribing com.blackgear.platform.core.events.forge.ServerLifecycle to FORGE
[03Mar2026 00:25:44.330] [modloading-worker-0/DEBUG] [net.minecraftforge.fml.javafmlmod.AutomaticEventSubscriber/LOADING]: Auto-subscribing com.blackgear.platform.common.forge.CreativeTabsImpl to MOD
[03Mar2026 00:25:44.335] [modloading-worker-0/DEBUG] [net.minecraftforge.fml.javafmlmod.AutomaticEventSubscriber/LOADING]: Auto-subscribing com.blackgear.platform.common.data.forge.LootModifierImpl to FORGE
[03Mar2026 00:25:44.341] [modloading-worker-0/DEBUG] [mixin/]: Mixing LootTableMixin from platform.mixins.json into net.minecraft.world.level.storage.loot.LootTable
[03Mar2026 00:25:44.342] [modloading-worker-0/DEBUG] [mixin/]: Mixing LootTableMixin from mmorpg.mixins.json into net.minecraft.world.level.storage.loot.LootTable
[03Mar2026 00:25:44.342] [modloading-worker-0/DEBUG] [mixin/]: mmorpg.mixins.json:LootTableMixin: Class version 61 required is higher than the class version supported by the current version of Mixin (JAVA_8 supports class version 52)
[03Mar2026 00:25:44.345] [modloading-worker-0/DEBUG] [mixin/]: Mixing ChestLootGenMixin from library_of_exile.mixins.json into net.minecraft.world.level.storage.loot.LootTable
[03Mar2026 00:25:44.345] [modloading-worker-0/DEBUG] [mixin/]: library_of_exile.mixins.json:ChestLootGenMixin: Class version 61 required is higher than the class version supported by the current version of Mixin (JAVA_8 supports class version 52)
[03Mar2026 00:25:44.347] [modloading-worker-0/DEBUG] [mixin/]: Mixing accessor.LootTableForgeAccessor from puzzleslib.forge.mixins.json into net.minecraft.world.level.storage.loot.LootTable
[03Mar2026 00:25:44.358] [modloading-worker-0/DEBUG] [mixin/]: Mixing accessor.LootContextParamSetsAccessor from mutantmonsters.common.mixins.json into net.minecraft.world.level.storage.loot.parameters.LootContextParamSets
[03Mar2026 00:25:44.465] [modloading-worker-0/DEBUG] [net.minecraftforge.fml.config.ConfigTracker/CONFIG]: Config file rottencreatures-common.toml for rottencreatures tracking
[03Mar2026 00:25:44.652] [modloading-worker-0/DEBUG] [net.minecraftforge.fml.javafmlmod.AutomaticEventSubscriber/LOADING]: Attempting to inject @EventBusSubscriber classes into the eventbus for rottencreatures
[03Mar2026 00:25:44.670] [modloading-worker-0/DEBUG] [net.minecraftforge.fml.config.ConfigTracker/CONFIG]: Config file sophisticatedcore-common.toml for sophisticatedcore tracking
[03Mar2026 00:25:44.671] [modloading-worker-0/DEBUG] [net.minecraftforge.fml.config.ConfigTracker/CONFIG]: Config file sophisticatedcore-client.toml for sophisticatedcore tracking
[03Mar2026 00:25:44.725] [modloading-worker-0/DEBUG] [mixin/]: Mixing RecipeTest from mmorpg.mixins.json into net.minecraft.stats.RecipeBook
[03Mar2026 00:25:44.727] [modloading-worker-0/DEBUG] [mixin/]: mmorpg.mixins.json:RecipeTest: Class version 61 required is higher than the class version supported by the current version of Mixin (JAVA_8 supports class version 52)
[03Mar2026 00:25:44.752] [modloading-worker-0/DEBUG] [net.minecraftforge.fml.javafmlmod.AutomaticEventSubscriber/LOADING]: Attempting to inject @EventBusSubscriber classes into the eventbus for sophisticatedcore
[03Mar2026 00:25:44.775] [modloading-worker-0/DEBUG] [net.minecraftforge.fml.config.ConfigTracker/CONFIG]: Config file dungeon_realm_dimension-server.toml for dungeon_realm tracking
[03Mar2026 00:25:44.779] [modloading-worker-0/INFO] [Exile Log: com.robertx22.library_of_exile.registry.helpers.OrderedModConstructor/]: Mod Constructor Registered : dungeon_realm
[03Mar2026 00:25:45.042] [modloading-worker-0/DEBUG] [net.minecraftforge.fml.config.ConfigTracker/CONFIG]: Config file mine_and_slash-server.toml for mmorpg tracking
[03Mar2026 00:25:45.063] [modloading-worker-0/DEBUG] [net.minecraftforge.fml.config.ConfigTracker/CONFIG]: Config file the_harvest-server.toml for the_harvest tracking
[03Mar2026 00:25:45.069] [modloading-worker-0/DEBUG] [net.minecraftforge.fml.javafmlmod.AutomaticEventSubscriber/LOADING]: Attempting to inject @EventBusSubscriber classes into the eventbus for the_harvest
[03Mar2026 00:25:45.081] [modloading-worker-0/DEBUG] [net.minecraftforge.fml.config.ConfigTracker/CONFIG]: Config file curios-client.toml for curios tracking
[03Mar2026 00:25:45.083] [modloading-worker-0/DEBUG] [net.minecraftforge.fml.config.ConfigTracker/CONFIG]: Config file curios-common.toml for curios tracking
[03Mar2026 00:25:45.085] [modloading-worker-0/DEBUG] [net.minecraftforge.fml.config.ConfigTracker/CONFIG]: Config file curios-server.toml for curios tracking
[03Mar2026 00:25:45.085] [modloading-worker-0/DEBUG] [net.minecraftforge.fml.javafmlmod.AutomaticEventSubscriber/LOADING]: Attempting to inject @EventBusSubscriber classes into the eventbus for curios
[03Mar2026 00:25:45.088] [modloading-worker-0/DEBUG] [net.minecraftforge.fml.javafmlmod.AutomaticEventSubscriber/LOADING]: Attempting to inject @EventBusSubscriber classes into the eventbus for mixinextras
[03Mar2026 00:25:45.089] [modloading-worker-0/INFO] [Exile Log: com.robertx22.library_of_exile.registry.helpers.OrderedModConstructor/]: Mod Constructor Registered : library_of_exile
[03Mar2026 00:25:45.145] [modloading-worker-0/DEBUG] [net.minecraftforge.fml.config.ConfigTracker/CONFIG]: Config file dungeon_realm-server.toml for dungeon_realm tracking
[03Mar2026 00:25:45.158] [modloading-worker-0/INFO] [dungeon_realm/]: Dungeon Realm loaded.
[03Mar2026 00:25:45.158] [modloading-worker-0/DEBUG] [net.minecraftforge.fml.javafmlmod.AutomaticEventSubscriber/LOADING]: Attempting to inject @EventBusSubscriber classes into the eventbus for dungeon_realm
[03Mar2026 00:25:45.187] [modloading-worker-0/DEBUG] [mixin/]: Mixing LootDataManagerForgeMixin from puzzleslib.forge.mixins.json into net.minecraft.world.level.storage.loot.LootDataManager
[03Mar2026 00:25:45.214] [modloading-worker-0/DEBUG] [mixin/]: Mixing LootPoolMixin from platform.mixins.json into net.minecraft.world.level.storage.loot.LootPool
[03Mar2026 00:25:45.268] [modloading-worker-0/DEBUG] [net.minecraftforge.fml.config.ConfigTracker/CONFIG]: Config file sophisticatedbackpacks-server.toml for sophisticatedbackpacks tracking
[03Mar2026 00:25:45.270] [modloading-worker-0/DEBUG] [net.minecraftforge.fml.config.ConfigTracker/CONFIG]: Config file sophisticatedbackpacks-common.toml for sophisticatedbackpacks tracking
[03Mar2026 00:25:45.296] [modloading-worker-0/DEBUG] [net.minecraftforge.fml.javafmlmod.AutomaticEventSubscriber/LOADING]: Attempting to inject @EventBusSubscriber classes into the eventbus for born_in_chaos_v1
[03Mar2026 00:25:45.296] [modloading-worker-0/DEBUG] [net.minecraftforge.fml.javafmlmod.AutomaticEventSubscriber/LOADING]: Auto-subscribing net.mcreator.borninchaosv.recipes.brewing.StimulatingDecoctionPBrewingRecipe to MOD
[03Mar2026 00:25:45.299] [modloading-worker-0/DEBUG] [mixin/]: Mixing MixinNbtPredicate from curios.mixins.json into net.minecraft.advancements.critereon.NbtPredicate
[03Mar2026 00:25:45.308] [modloading-worker-0/DEBUG] [net.minecraftforge.fml.javafmlmod.AutomaticEventSubscriber/LOADING]: Auto-subscribing net.mcreator.borninchaosv.recipes.brewing.SeaTerrorEyeKBrewingRecipe to MOD
[03Mar2026 00:25:45.309] [modloading-worker-0/DEBUG] [net.minecraftforge.fml.javafmlmod.AutomaticEventSubscriber/LOADING]: Auto-subscribing net.mcreator.borninchaosv.recipes.brewing.PotionofRampagekBrewingRecipe to MOD
[03Mar2026 00:25:45.310] [modloading-worker-0/DEBUG] [net.minecraftforge.fml.javafmlmod.AutomaticEventSubscriber/LOADING]: Auto-subscribing net.mcreator.borninchaosv.recipes.brewing.PotionofMagicalDepletionKBrewingRecipe to MOD
[03Mar2026 00:25:45.312] [modloading-worker-0/DEBUG] [net.minecraftforge.fml.javafmlmod.AutomaticEventSubscriber/LOADING]: Auto-subscribing net.mcreator.borninchaosv.recipes.brewing.PotionofLivingCocoonCraftBrewingRecipe to MOD
[03Mar2026 00:25:45.313] [modloading-worker-0/DEBUG] [net.minecraftforge.fml.javafmlmod.AutomaticEventSubscriber/LOADING]: Auto-subscribing net.mcreator.borninchaosv.recipes.brewing.IntoxicationPotionKBrewingRecipe to MOD
[03Mar2026 00:25:45.314] [modloading-worker-0/DEBUG] [net.minecraftforge.fml.javafmlmod.AutomaticEventSubscriber/LOADING]: Auto-subscribing net.mcreator.borninchaosv.recipes.brewing.ElixirofWitherResistanceCraftBrewingRecipe to MOD
[03Mar2026 00:25:45.318] [modloading-worker-0/DEBUG] [net.minecraftforge.fml.javafmlmod.AutomaticEventSubscriber/LOADING]: Auto-subscribing net.mcreator.borninchaosv.recipes.brewing.ElixirofVampirismKBrewingRecipe to MOD
[03Mar2026 00:25:45.322] [modloading-worker-0/DEBUG] [net.minecraftforge.fml.javafmlmod.AutomaticEventSubscriber/LOADING]: Auto-subscribing net.mcreator.borninchaosv.recipes.brewing.ElixirofInsectProtectionCraftBrewingRecipe to MOD
[03Mar2026 00:25:45.323] [modloading-worker-0/DEBUG] [net.minecraftforge.fml.javafmlmod.AutomaticEventSubscriber/LOADING]: Auto-subscribing net.mcreator.borninchaosv.recipes.brewing.ElixirofIceBarrierCraftBrewingRecipe to MOD
[03Mar2026 00:25:45.324] [modloading-worker-0/DEBUG] [net.minecraftforge.fml.javafmlmod.AutomaticEventSubscriber/LOADING]: Auto-subscribing net.mcreator.borninchaosv.recipes.brewing.ChaosComponentCraftBrewingRecipe to MOD
[03Mar2026 00:25:45.325] [modloading-worker-0/DEBUG] [net.minecraftforge.fml.javafmlmod.AutomaticEventSubscriber/LOADING]: Auto-subscribing net.mcreator.borninchaosv.recipes.brewing.BottleOfMagicalEnergyKBrewingRecipe to MOD
[03Mar2026 00:25:45.329] [modloading-worker-0/DEBUG] [net.minecraftforge.fml.javafmlmod.AutomaticEventSubscriber/LOADING]: Auto-subscribing net.mcreator.borninchaosv.procedures.ZombieswithDoorPriObnovlieniiTaktaSushchnostiProcedure to FORGE
[03Mar2026 00:25:45.330] [modloading-worker-0/DEBUG] [net.minecraftforge.fml.javafmlmod.AutomaticEventSubscriber/LOADING]: Auto-subscribing net.mcreator.borninchaosv.procedures.ZombiefishermanatackProcedure to FORGE
[03Mar2026 00:25:45.331] [modloading-worker-0/DEBUG] [net.minecraftforge.fml.javafmlmod.AutomaticEventSubscriber/LOADING]: Auto-subscribing net.mcreator.borninchaosv.procedures.ZombieclownatacProcedure to FORGE
[03Mar2026 00:25:45.334] [modloading-worker-0/DEBUG] [net.minecraftforge.fml.javafmlmod.AutomaticEventSubscriber/LOADING]: Auto-subscribing net.mcreator.borninchaosv.procedures.ZombieMaggotsProcedure to FORGE
[03Mar2026 00:25:45.335] [modloading-worker-0/DEBUG] [net.minecraftforge.fml.javafmlmod.AutomaticEventSubscriber/LOADING]: Auto-subscribing net.mcreator.borninchaosv.procedures.ZombieLumberjackAtackProcedure to FORGE
[03Mar2026 00:25:45.339] [modloading-worker-0/DEBUG] [net.minecraftforge.fml.javafmlmod.AutomaticEventSubscriber/LOADING]: Auto-subscribing net.mcreator.borninchaosv.procedures.ZombieBruiseratackProcedure to FORGE
[03Mar2026 00:25:45.344] [modloading-worker-0/DEBUG] [net.minecraftforge.fml.javafmlmod.AutomaticEventSubscriber/LOADING]: Auto-subscribing net.mcreator.borninchaosv.procedures.WarningSoundProcedure to FORGE
[03Mar2026 00:25:45.345] [modloading-worker-0/DEBUG] [net.minecraftforge.fml.javafmlmod.AutomaticEventSubscriber/LOADING]: Auto-subscribing net.mcreator.borninchaosv.procedures.VampiricTouchAtackProcedure to FORGE
[03Mar2026 00:25:45.346] [modloading-worker-0/DEBUG] [net.minecraftforge.fml.javafmlmod.AutomaticEventSubscriber/LOADING]: Auto-subscribing net.mcreator.borninchaosv.procedures.TransmutingElixirclicProcedure to FORGE
[03Mar2026 00:25:45.347] [modloading-worker-0/DEBUG] [net.minecraftforge.fml.javafmlmod.AutomaticEventSubscriber/LOADING]: Auto-subscribing net.mcreator.borninchaosv.procedures.ThornshellCrabPriShchielchkiePKMPoSushchnostiProcedure to FORGE
[03Mar2026 00:25:45.348] [modloading-worker-0/DEBUG] [net.minecraftforge.fml.javafmlmod.AutomaticEventSubscriber/LOADING]: Auto-subscribing net.mcreator.borninchaosv.procedures.SwarmerPreparationProcedure to FORGE
[03Mar2026 00:25:45.358] [modloading-worker-0/DEBUG] [net.minecraftforge.fml.javafmlmod.AutomaticEventSubscriber/LOADING]: Auto-subscribing net.mcreator.borninchaosv.procedures.SpiritofChaosAtackProcedure to FORGE
[03Mar2026 00:25:45.359] [modloading-worker-0/DEBUG] [net.minecraftforge.fml.javafmlmod.AutomaticEventSubscriber/LOADING]: Auto-subscribing net.mcreator.borninchaosv.procedures.SpiritGuideAtacProcedure to FORGE
[03Mar2026 00:25:45.360] [modloading-worker-0/DEBUG] [net.minecraftforge.fml.javafmlmod.AutomaticEventSubscriber/LOADING]: Auto-subscribing net.mcreator.borninchaosv.procedures.SpinyShellArmorKazhdyiTikDliaShliemaProcedure to FORGE
[03Mar2026 00:25:45.362] [modloading-worker-0/DEBUG] [net.minecraftforge.fml.javafmlmod.AutomaticEventSubscriber/LOADING]: Auto-subscribing net.mcreator.borninchaosv.procedures.SkeletonThrasherDProcedure to FORGE
[03Mar2026 00:25:45.366] [modloading-worker-0/DEBUG] [net.minecraftforge.fml.javafmlmod.AutomaticEventSubscriber/LOADING]: Auto-subscribing net.mcreator.borninchaosv.procedures.SerPumpkinheadAtacProcedure to FORGE
[03Mar2026 00:25:45.366] [modloading-worker-0/DEBUG] [net.minecraftforge.fml.javafmlmod.AutomaticEventSubscriber/LOADING]: Auto-subscribing net.mcreator.borninchaosv.procedures.SearedspiritPProcedure to FORGE
[03Mar2026 00:25:45.370] [modloading-worker-0/DEBUG] [net.minecraftforge.fml.javafmlmod.AutomaticEventSubscriber/LOADING]: Auto-subscribing net.mcreator.borninchaosv.procedures.RampagePProcedure to FORGE
[03Mar2026 00:25:45.375] [modloading-worker-0/DEBUG] [net.minecraftforge.fml.javafmlmod.AutomaticEventSubscriber/LOADING]: Auto-subscribing net.mcreator.borninchaosv.procedures.PumpkinbruiserAtacProcedure to FORGE
[03Mar2026 00:25:45.382] [modloading-worker-0/DEBUG] [net.minecraftforge.fml.javafmlmod.AutomaticEventSubscriber/LOADING]: Auto-subscribing net.mcreator.borninchaosv.procedures.PositiveTamingProcedure to FORGE
[03Mar2026 00:25:45.383] [modloading-worker-0/DEBUG] [net.minecraftforge.fml.javafmlmod.AutomaticEventSubscriber/LOADING]: Auto-subscribing net.mcreator.borninchaosv.procedures.PositiveFertilizerProcedure to FORGE
[03Mar2026 00:25:45.386] [modloading-worker-0/DEBUG] [net.minecraftforge.fml.javafmlmod.AutomaticEventSubscriber/LOADING]: Attempting to inject @EventBusSubscriber classes into the eventbus for library_of_exile
[03Mar2026 00:25:45.387] [modloading-worker-0/DEBUG] [net.minecraftforge.fml.javafmlmod.AutomaticEventSubscriber/LOADING]: Auto-subscribing net.mcreator.borninchaosv.procedures.PiritAtacProcedure to FORGE
[03Mar2026 00:25:45.388] [modloading-worker-0/DEBUG] [net.minecraftforge.fml.javafmlmod.AutomaticEventSubscriber/LOADING]: Auto-subscribing net.mcreator.borninchaosv.procedures.ObsessiondeadProcedure to FORGE
[03Mar2026 00:25:45.390] [modloading-worker-0/DEBUG] [net.minecraftforge.fml.javafmlmod.AutomaticEventSubscriber/LOADING]: Auto-subscribing net.mcreator.borninchaosv.procedures.NightmareStalkerDamProcedure to FORGE
[03Mar2026 00:25:45.395] [modloading-worker-0/DEBUG] [net.minecraftforge.fml.javafmlmod.AutomaticEventSubscriber/LOADING]: Auto-subscribing net.mcreator.borninchaosv.procedures.MrPumpkinAtacProcedure to FORGE
[03Mar2026 00:25:45.395] [modloading-worker-0/DEBUG] [net.minecraftforge.fml.javafmlmod.AutomaticEventSubscriber/LOADING]: Auto-subscribing net.mcreator.borninchaosv.procedures.MotherSpiderAtackProcedure to FORGE
[03Mar2026 00:25:45.396] [modloading-worker-0/DEBUG] [net.minecraftforge.fml.javafmlmod.AutomaticEventSubscriber/LOADING]: Auto-subscribing net.mcreator.borninchaosv.procedures.MissionaryHatpProcedure to FORGE
[03Mar2026 00:25:45.398] [modloading-worker-0/DEBUG] [net.minecraftforge.fml.javafmlmod.AutomaticEventSubscriber/LOADING]: Auto-subscribing net.mcreator.borninchaosv.procedures.MissionaryAtacktargetProcedure to FORGE
[03Mar2026 00:25:45.398] [modloading-worker-0/DEBUG] [net.minecraftforge.fml.config.ConfigTracker/CONFIG]: Config file ancient_obelisks_dimension-server.toml for ancient_obelisks tracking
[03Mar2026 00:25:45.400] [modloading-worker-0/DEBUG] [net.minecraftforge.fml.javafmlmod.AutomaticEventSubscriber/LOADING]: Auto-subscribing net.mcreator.borninchaosv.procedures.MinionsattacktargetProcedure to FORGE
[03Mar2026 00:25:45.401] [modloading-worker-0/DEBUG] [net.minecraftforge.fml.javafmlmod.AutomaticEventSubscriber/LOADING]: Auto-subscribing net.mcreator.borninchaosv.procedures.LunarSpruceCowboyPProcedure to FORGE
[03Mar2026 00:25:45.402] [modloading-worker-0/INFO] [Exile Log: com.robertx22.library_of_exile.registry.helpers.OrderedModConstructor/]: Mod Constructor Registered : ancient_obelisks
[03Mar2026 00:25:45.403] [modloading-worker-0/DEBUG] [net.minecraftforge.fml.javafmlmod.AutomaticEventSubscriber/LOADING]: Auto-subscribing net.mcreator.borninchaosv.procedures.LordsFelsteedatackProcedure to FORGE
[03Mar2026 00:25:45.406] [modloading-worker-0/DEBUG] [net.minecraftforge.fml.javafmlmod.AutomaticEventSubscriber/LOADING]: Auto-subscribing net.mcreator.borninchaosv.procedures.LordTheHeadlessAtackProcedure to FORGE
[03Mar2026 00:25:45.411] [modloading-worker-0/DEBUG] [net.minecraftforge.fml.javafmlmod.AutomaticEventSubscriber/LOADING]: Auto-subscribing net.mcreator.borninchaosv.procedures.LordPumpkinheadsHatHitProcedure to FORGE
[03Mar2026 00:25:45.412] [modloading-worker-0/DEBUG] [net.minecraftforge.fml.javafmlmod.AutomaticEventSubscriber/LOADING]: Auto-subscribing net.mcreator.borninchaosv.procedures.LordPumpkinheadatackProcedure to FORGE
[03Mar2026 00:25:45.413] [modloading-worker-0/DEBUG] [net.minecraftforge.fml.javafmlmod.AutomaticEventSubscriber/LOADING]: Auto-subscribing net.mcreator.borninchaosv.procedures.LivingcocoonplayersideDeadProcedure to FORGE
[03Mar2026 00:25:45.418] [modloading-worker-0/DEBUG] [net.minecraftforge.fml.javafmlmod.AutomaticEventSubscriber/LOADING]: Auto-subscribing net.mcreator.borninchaosv.procedures.LivingCocoonDeadProcedure to FORGE
[03Mar2026 00:25:45.419] [modloading-worker-0/DEBUG] [net.minecraftforge.fml.javafmlmod.AutomaticEventSubscriber/LOADING]: Auto-subscribing net.mcreator.borninchaosv.procedures.LifestealerTFAtackProcedure to FORGE
[03Mar2026 00:25:45.420] [modloading-worker-0/DEBUG] [net.minecraftforge.fml.javafmlmod.AutomaticEventSubscriber/LOADING]: Auto-subscribing net.mcreator.borninchaosv.procedures.LifestealerAtackProcedure to FORGE
[03Mar2026 00:25:45.421] [modloading-worker-0/DEBUG] [net.minecraftforge.fml.javafmlmod.AutomaticEventSubscriber/LOADING]: Auto-subscribing net.mcreator.borninchaosv.procedures.KrampusHenchmanAttackProcedure to FORGE
[03Mar2026 00:25:45.422] [modloading-worker-0/DEBUG] [net.minecraftforge.fml.javafmlmod.AutomaticEventSubscriber/LOADING]: Auto-subscribing net.mcreator.borninchaosv.procedures.KrampusAttackProcedure to FORGE
[03Mar2026 00:25:45.426] [modloading-worker-0/DEBUG] [net.minecraftforge.fml.javafmlmod.AutomaticEventSubscriber/LOADING]: Auto-subscribing net.mcreator.borninchaosv.procedures.KillinganimalsProcedure to FORGE
[03Mar2026 00:25:45.428] [modloading-worker-0/DEBUG] [net.minecraftforge.fml.javafmlmod.AutomaticEventSubscriber/LOADING]: Auto-subscribing net.mcreator.borninchaosv.procedures.KillingVillagersProcedure to FORGE
[03Mar2026 00:25:45.430] [modloading-worker-0/DEBUG] [net.minecraftforge.fml.javafmlmod.AutomaticEventSubscriber/LOADING]: Auto-subscribing net.mcreator.borninchaosv.procedures.InsectProtectionTrigerProcedure to FORGE
[03Mar2026 00:25:45.433] [modloading-worker-0/DEBUG] [net.minecraftforge.fml.javafmlmod.AutomaticEventSubscriber/LOADING]: Auto-subscribing net.mcreator.borninchaosv.procedures.InfernalSpiritAtackProcedure to FORGE
[03Mar2026 00:25:45.434] [modloading-worker-0/DEBUG] [net.minecraftforge.fml.javafmlmod.AutomaticEventSubscriber/LOADING]: Auto-subscribing net.mcreator.borninchaosv.procedures.IceBarrierAttackProcedure to FORGE
[03Mar2026 00:25:45.439] [modloading-worker-0/DEBUG] [net.minecraftforge.fml.javafmlmod.AutomaticEventSubscriber/LOADING]: Auto-subscribing net.mcreator.borninchaosv.procedures.HewnScorchedLogPProcedure to FORGE
[03Mar2026 00:25:45.440] [modloading-worker-0/DEBUG] [net.minecraftforge.fml.javafmlmod.AutomaticEventSubscriber/LOADING]: Auto-subscribing net.mcreator.borninchaosv.procedures.HalloweenEventSpawnProcedure to FORGE
[03Mar2026 00:25:45.442] [modloading-worker-0/DEBUG] [Exile Log: com.robertx22.library_of_exile.utils.Watch/]: Mine and slash mod initialization Action took: 414112 microseconds
[03Mar2026 00:25:45.442] [modloading-worker-0/DEBUG] [net.minecraftforge.fml.javafmlmod.AutomaticEventSubscriber/LOADING]: Auto-subscribing net.mcreator.borninchaosv.procedures.HalloweenEventDropProcedure to FORGE
[03Mar2026 00:25:45.444] [modloading-worker-0/DEBUG] [net.minecraftforge.fml.javafmlmod.AutomaticEventSubscriber/LOADING]: Attempting to inject @EventBusSubscriber classes into the eventbus for mmorpg
[03Mar2026 00:25:45.445] [modloading-worker-0/DEBUG] [net.minecraftforge.fml.javafmlmod.AutomaticEventSubscriber/LOADING]: Auto-subscribing net.mcreator.borninchaosv.procedures.GluttonfishatackProcedure to FORGE
[03Mar2026 00:25:45.446] [modloading-worker-0/DEBUG] [net.minecraftforge.fml.javafmlmod.AutomaticEventSubscriber/LOADING]: Attempting to inject @EventBusSubscriber classes into the eventbus for puzzleslib
[03Mar2026 00:25:45.447] [modloading-worker-0/DEBUG] [net.minecraftforge.fml.javafmlmod.AutomaticEventSubscriber/LOADING]: Auto-subscribing fuzs.puzzleslib.impl.PuzzlesLibForge to MOD
[03Mar2026 00:25:45.448] [modloading-worker-0/DEBUG] [net.minecraftforge.fml.javafmlmod.AutomaticEventSubscriber/LOADING]: Auto-subscribing net.mcreator.borninchaosv.procedures.FragileScorchedPlanksPProcedure to FORGE
[03Mar2026 00:25:45.452] [modloading-worker-0/DEBUG] [net.minecraftforge.fml.javafmlmod.AutomaticEventSubscriber/LOADING]: Auto-subscribing net.mcreator.borninchaosv.procedures.FirelightDProcedure to FORGE
[03Mar2026 00:25:45.455] [modloading-worker-0/DEBUG] [net.minecraftforge.fml.javafmlmod.AutomaticEventSubscriber/LOADING]: Auto-subscribing net.mcreator.borninchaosv.procedures.ExperienceContainerDeathProcedure to FORGE
[03Mar2026 00:25:45.456] [modloading-worker-0/DEBUG] [net.minecraftforge.fml.javafmlmod.AutomaticEventSubscriber/LOADING]: Auto-subscribing net.mcreator.borninchaosv.procedures.EvilCarvedPumpkinPProcedure to FORGE
[03Mar2026 00:25:45.458] [modloading-worker-0/DEBUG] [net.minecraftforge.fml.javafmlmod.AutomaticEventSubscriber/LOADING]: Auto-subscribing net.mcreator.borninchaosv.procedures.EatingRottenFleshProcedure to FORGE
[03Mar2026 00:25:45.457] [modloading-worker-0/DEBUG] [net.minecraftforge.fml.config.ConfigTracker/CONFIG]: Config file ancient_obelisks-server.toml for ancient_obelisks tracking
[03Mar2026 00:25:45.466] [modloading-worker-0/DEBUG] [net.minecraftforge.fml.javafmlmod.AutomaticEventSubscriber/LOADING]: Attempting to inject @EventBusSubscriber classes into the eventbus for ancient_obelisks
[03Mar2026 00:25:45.463] [modloading-worker-0/DEBUG] [net.minecraftforge.fml.javafmlmod.AutomaticEventSubscriber/LOADING]: Auto-subscribing net.mcreator.borninchaosv.procedures.EasterDropProcedure to FORGE
[03Mar2026 00:25:45.467] [modloading-worker-0/DEBUG] [net.minecraftforge.fml.javafmlmod.AutomaticEventSubscriber/LOADING]: Attempting to inject @EventBusSubscriber classes into the eventbus for puzzlesaccessapi
[03Mar2026 00:25:45.556] [modloading-worker-0/DEBUG] [net.minecraftforge.fml.javafmlmod.AutomaticEventSubscriber/LOADING]: Attempting to inject @EventBusSubscriber classes into the eventbus for cloth_config
[03Mar2026 00:25:45.557] [modloading-worker-0/DEBUG] [net.minecraftforge.fml.javafmlmod.AutomaticEventSubscriber/LOADING]: Auto-subscribing net.mcreator.borninchaosv.procedures.DreadHoundPriNazhatiiPravoiKnopkiNaSushchnostProcedure to FORGE
[03Mar2026 00:25:45.566] [modloading-worker-0/DEBUG] [net.minecraftforge.fml.javafmlmod.AutomaticEventSubscriber/LOADING]: Auto-subscribing net.mcreator.borninchaosv.procedures.DreadHoundAtacProcedure to FORGE
[03Mar2026 00:25:45.568] [modloading-worker-0/DEBUG] [net.minecraftforge.fml.javafmlmod.AutomaticEventSubscriber/LOADING]: Auto-subscribing net.mcreator.borninchaosv.procedures.DireHoundLeaderAtackProcedure to FORGE
[03Mar2026 00:25:45.577] [modloading-worker-0/DEBUG] [net.minecraftforge.fml.javafmlmod.AutomaticEventSubscriber/LOADING]: Auto-subscribing net.mcreator.borninchaosv.procedures.DimonBaitProcedure to FORGE
[03Mar2026 00:25:45.578] [modloading-worker-0/DEBUG] [net.minecraftforge.fml.javafmlmod.AutomaticEventSubscriber/LOADING]: Auto-subscribing net.mcreator.borninchaosv.procedures.DeathTotemKoghdaPriedmietNakhoditsiaVRukieProcedure to FORGE
[03Mar2026 00:25:45.580] [modloading-worker-0/DEBUG] [net.minecraftforge.fml.javafmlmod.AutomaticEventSubscriber/LOADING]: Auto-subscribing net.mcreator.borninchaosv.procedures.DarkWardActivProcedure to FORGE
[03Mar2026 00:25:45.583] [modloading-worker-0/DEBUG] [net.minecraftforge.fml.javafmlmod.AutomaticEventSubscriber/LOADING]: Auto-subscribing net.mcreator.borninchaosv.procedures.DarkRitualDaggerPProcedure to FORGE
[03Mar2026 00:25:45.585] [modloading-worker-0/INFO] [Puzzles Lib/]: Constructing common components for puzzleslib:main
[03Mar2026 00:25:45.587] [modloading-worker-0/DEBUG] [net.minecraftforge.fml.javafmlmod.AutomaticEventSubscriber/LOADING]: Auto-subscribing net.mcreator.borninchaosv.procedures.DZombieDProcedure to FORGE
[03Mar2026 00:25:45.588] [modloading-worker-0/DEBUG] [net.minecraftforge.versions.forge.ForgeVersion/CORE]: Forge Version package package net.minecraftforge.versions.forge, Forge, version 47.3 from cpw.mods.modlauncher.TransformingClassLoader@18371d89
[03Mar2026 00:25:45.588] [modloading-worker-0/DEBUG] [net.minecraftforge.fml.javafmlmod.AutomaticEventSubscriber/LOADING]: Auto-subscribing net.mcreator.borninchaosv.procedures.CursedMarkAtacProcedure to FORGE
[03Mar2026 00:25:45.591] [modloading-worker-0/DEBUG] [net.minecraftforge.versions.forge.ForgeVersion/CORE]: Found Forge version 47.3.7
[03Mar2026 00:25:45.591] [modloading-worker-0/DEBUG] [net.minecraftforge.versions.forge.ForgeVersion/CORE]: Found Forge spec 47.3
[03Mar2026 00:25:45.591] [modloading-worker-0/DEBUG] [net.minecraftforge.versions.forge.ForgeVersion/CORE]: Found Forge group net.minecraftforge
[03Mar2026 00:25:45.592] [modloading-worker-0/DEBUG] [net.minecraftforge.versions.mcp.MCPVersion/CORE]: MCP Version package package net.minecraftforge.versions.mcp, Minecraft, version 1.20.1 from cpw.mods.modlauncher.TransformingClassLoader@18371d89
[03Mar2026 00:25:45.592] [modloading-worker-0/DEBUG] [net.minecraftforge.versions.mcp.MCPVersion/CORE]: Found MC version information 1.20.1
[03Mar2026 00:25:45.592] [modloading-worker-0/DEBUG] [net.minecraftforge.versions.mcp.MCPVersion/CORE]: Found MCP version information 20230612.114412
[03Mar2026 00:25:45.592] [modloading-worker-0/INFO] [net.minecraftforge.common.ForgeMod/FORGEMOD]: Forge mod loading, version 47.3.7, for MC 1.20.1 with MCP 20230612.114412
[03Mar2026 00:25:45.592] [modloading-worker-0/INFO] [net.minecraftforge.common.MinecraftForge/FORGE]: MinecraftForge v47.3.7 Initialized
[03Mar2026 00:25:45.592] [modloading-worker-0/DEBUG] [net.minecraftforge.fml.javafmlmod.AutomaticEventSubscriber/LOADING]: Auto-subscribing net.mcreator.borninchaosv.procedures.CorpseflyatacProcedure to FORGE
[03Mar2026 00:25:45.596] [modloading-worker-0/DEBUG] [net.minecraftforge.fml.javafmlmod.AutomaticEventSubscriber/LOADING]: Auto-subscribing net.mcreator.borninchaosv.procedures.ChillingHorrorMobAttacksProcedure to FORGE
[03Mar2026 00:25:45.601] [modloading-worker-0/DEBUG] [net.minecraftforge.fml.javafmlmod.AutomaticEventSubscriber/LOADING]: Auto-subscribing net.mcreator.borninchaosv.procedures.ChillingHorrorEventSpawnProcedure to FORGE
[03Mar2026 00:25:45.603] [modloading-worker-0/DEBUG] [net.minecraftforge.fml.javafmlmod.AutomaticEventSubscriber/LOADING]: Auto-subscribing net.mcreator.borninchaosv.procedures.ChillingHorrorEventDropProcedure to FORGE
[03Mar2026 00:25:45.608] [modloading-worker-0/DEBUG] [net.minecraftforge.fml.javafmlmod.AutomaticEventSubscriber/LOADING]: Auto-subscribing net.mcreator.borninchaosv.procedures.BoneBarrierProProcedure to FORGE
[03Mar2026 00:25:45.610] [modloading-worker-0/DEBUG] [net.minecraftforge.fml.javafmlmod.AutomaticEventSubscriber/LOADING]: Auto-subscribing net.mcreator.borninchaosv.procedures.BloodyGadflyAtacProcedure to FORGE
[03Mar2026 00:25:45.614] [modloading-worker-0/DEBUG] [net.minecraftforge.fml.javafmlmod.AutomaticEventSubscriber/LOADING]: Auto-subscribing net.mcreator.borninchaosv.procedures.BlockSkeletonTrasherProcedure to FORGE
[03Mar2026 00:25:45.617] [modloading-worker-0/DEBUG] [net.minecraftforge.fml.javafmlmod.AutomaticEventSubscriber/LOADING]: Auto-subscribing net.mcreator.borninchaosv.procedures.BabyspidercontrolledAtackProcedure to FORGE
[03Mar2026 00:25:45.619] [modloading-worker-0/DEBUG] [net.minecraftforge.fml.javafmlmod.AutomaticEventSubscriber/LOADING]: Auto-subscribing net.mcreator.borninchaosv.procedures.BabySpiderAtackProcedure to FORGE
[03Mar2026 00:25:45.621] [modloading-worker-0/DEBUG] [net.minecraftforge.fml.javafmlmod.AutomaticEventSubscriber/LOADING]: Auto-subscribing net.mcreator.borninchaosv.procedures.AxeAtackProcedure to FORGE
[03Mar2026 00:25:45.623] [modloading-worker-0/DEBUG] [net.minecraftforge.fml.javafmlmod.AutomaticEventSubscriber/LOADING]: Auto-subscribing net.mcreator.borninchaosv.procedures.AttackoftheDisobedientProcedure to FORGE
[03Mar2026 00:25:45.626] [modloading-worker-0/DEBUG] [net.minecraftforge.fml.javafmlmod.AutomaticEventSubscriber/LOADING]: Auto-subscribing net.mcreator.borninchaosv.network.BornInChaosV1ModVariables to MOD
[03Mar2026 00:25:45.633] [modloading-worker-0/DEBUG] [net.minecraftforge.fml.javafmlmod.AutomaticEventSubscriber/LOADING]: Attempting to inject @EventBusSubscriber classes into the eventbus for sophisticatedbackpacks
[03Mar2026 00:25:45.636] [modloading-worker-0/DEBUG] [net.minecraftforge.fml.javafmlmod.AutomaticEventSubscriber/LOADING]: Auto-subscribing net.mcreator.borninchaosv.network.BornInChaosV1ModVariables$PlayerVariablesProvider to FORGE
[03Mar2026 00:25:45.642] [modloading-worker-0/DEBUG] [net.minecraftforge.fml.javafmlmod.AutomaticEventSubscriber/LOADING]: Auto-subscribing net.mcreator.borninchaosv.network.BornInChaosV1ModVariables$EventBusVariableHandlers to FORGE
[03Mar2026 00:25:45.647] [modloading-worker-0/DEBUG] [net.minecraftforge.fml.javafmlmod.AutomaticEventSubscriber/LOADING]: Auto-subscribing net.mcreator.borninchaosv.init.ItemAnimationFactory to FORGE
[03Mar2026 00:25:45.648] [modloading-worker-0/DEBUG] [net.minecraftforge.fml.javafmlmod.AutomaticEventSubscriber/LOADING]: Auto-subscribing net.mcreator.borninchaosv.init.EntityAnimationFactory to FORGE
[03Mar2026 00:25:45.650] [modloading-worker-0/DEBUG] [net.minecraftforge.fml.javafmlmod.AutomaticEventSubscriber/LOADING]: Auto-subscribing net.mcreator.borninchaosv.init.BornInChaosV1ModGameRules to MOD
[03Mar2026 00:25:45.651] [modloading-worker-0/DEBUG] [net.minecraftforge.fml.javafmlmod.AutomaticEventSubscriber/LOADING]: Auto-subscribing net.mcreator.borninchaosv.init.BornInChaosV1ModFuels to FORGE
[03Mar2026 00:25:45.653] [modloading-worker-0/DEBUG] [net.minecraftforge.fml.javafmlmod.AutomaticEventSubscriber/LOADING]: Auto-subscribing net.mcreator.borninchaosv.init.BornInChaosV1ModFeatures to FORGE
[03Mar2026 00:25:45.653] [modloading-worker-0/DEBUG] [net.minecraftforge.fml.javafmlmod.AutomaticEventSubscriber/LOADING]: Auto-subscribing net.mcreator.borninchaosv.init.BornInChaosV1ModEntities to MOD
[03Mar2026 00:25:45.654] [modloading-worker-0/DEBUG] [net.minecraftforge.fml.javafmlmod.AutomaticEventSubscriber/LOADING]: Auto-subscribing net.mcreator.borninchaosv.init.BornInChaosV1ModCompostableItems to MOD
[03Mar2026 00:25:45.672] [modloading-worker-0/DEBUG] [io.netty.util.internal.PlatformDependent0/]: -Dio.netty.noUnsafe: false
[03Mar2026 00:25:45.672] [modloading-worker-0/DEBUG] [io.netty.util.internal.PlatformDependent0/]: Java version: 17
[03Mar2026 00:25:45.673] [modloading-worker-0/DEBUG] [io.netty.util.internal.PlatformDependent0/]: sun.misc.Unsafe.theUnsafe: available
[03Mar2026 00:25:45.673] [modloading-worker-0/DEBUG] [io.netty.util.internal.PlatformDependent0/]: sun.misc.Unsafe.copyMemory: available
[03Mar2026 00:25:45.674] [modloading-worker-0/DEBUG] [io.netty.util.internal.PlatformDependent0/]: sun.misc.Unsafe.storeFence: available
[03Mar2026 00:25:45.674] [modloading-worker-0/DEBUG] [io.netty.util.internal.PlatformDependent0/]: java.nio.Buffer.address: available
[03Mar2026 00:25:45.677] [modloading-worker-0/DEBUG] [io.netty.util.internal.PlatformDependent0/]: direct buffer constructor: unavailable
java.lang.UnsupportedOperationException: Reflective setAccessible(true) disabled
	at io.netty.util.internal.ReflectionUtil.trySetAccessible(ReflectionUtil.java:31) ~[netty-common-4.1.82.Final.jar%2382!/:4.1.82.Final]
	at io.netty.util.internal.PlatformDependent0$5.run(PlatformDependent0.java:288) ~[netty-common-4.1.82.Final.jar%2382!/:4.1.82.Final]
	at java.security.AccessController.doPrivileged(AccessController.java:318) ~[?:?]
	at io.netty.util.internal.PlatformDependent0.<clinit>(PlatformDependent0.java:282) ~[netty-common-4.1.82.Final.jar%2382!/:4.1.82.Final]
	at io.netty.util.internal.PlatformDependent.isAndroid(PlatformDependent.java:333) ~[netty-common-4.1.82.Final.jar%2382!/:4.1.82.Final]
	at io.netty.util.internal.PlatformDependent.<clinit>(PlatformDependent.java:88) ~[netty-common-4.1.82.Final.jar%2382!/:4.1.82.Final]
	at io.netty.util.ConstantPool.<init>(ConstantPool.java:34) ~[netty-common-4.1.82.Final.jar%2382!/:4.1.82.Final]
	at io.netty.util.AttributeKey$1.<init>(AttributeKey.java:27) ~[netty-common-4.1.82.Final.jar%2382!/:4.1.82.Final]
	at io.netty.util.AttributeKey.<clinit>(AttributeKey.java:27) ~[netty-common-4.1.82.Final.jar%2382!/:4.1.82.Final]
	at net.minecraftforge.network.NetworkConstants.<clinit>(NetworkConstants.java:34) ~[forge-1.20.1-47.3.7-universal.jar%23146!/:?]
	at net.minecraftforge.common.ForgeMod.<init>(ForgeMod.java:429) ~[forge-1.20.1-47.3.7-universal.jar%23146!/:?]
	at jdk.internal.reflect.NativeConstructorAccessorImpl.newInstance0(Native Method) ~[?:?]
	at jdk.internal.reflect.NativeConstructorAccessorImpl.newInstance(NativeConstructorAccessorImpl.java:77) ~[?:?]
	at jdk.internal.reflect.DelegatingConstructorAccessorImpl.newInstance(DelegatingConstructorAccessorImpl.java:45) ~[?:?]
	at java.lang.reflect.Constructor.newInstanceWithCaller(Constructor.java:500) ~[?:?]
	at java.lang.reflect.Constructor.newInstance(Constructor.java:481) ~[?:?]
	at net.minecraftforge.fml.javafmlmod.FMLModContainer.constructMod(FMLModContainer.java:70) ~[javafmllanguage-1.20.1-47.3.7.jar%23143!/:?]
	at net.minecraftforge.fml.ModContainer.lambda$buildTransitionHandler$4(ModContainer.java:124) ~[fmlcore-1.20.1-47.3.7.jar%23142!/:?]
	at java.util.concurrent.CompletableFuture$AsyncRun.run(CompletableFuture.java:1804) ~[?:?]
	at java.util.concurrent.CompletableFuture$AsyncRun.exec(CompletableFuture.java:1796) ~[?:?]
	at java.util.concurrent.ForkJoinTask.doExec(ForkJoinTask.java:373) ~[?:?]
	at java.util.concurrent.ForkJoinPool$WorkQueue.topLevelExec(ForkJoinPool.java:1182) ~[?:?]
	at java.util.concurrent.ForkJoinPool.scan(ForkJoinPool.java:1655) ~[?:?]
	at java.util.concurrent.ForkJoinPool.runWorker(ForkJoinPool.java:1622) ~[?:?]
	at java.util.concurrent.ForkJoinWorkerThread.run(ForkJoinWorkerThread.java:165) ~[?:?]
[03Mar2026 00:25:45.678] [modloading-worker-0/DEBUG] [io.netty.util.internal.PlatformDependent0/]: java.nio.Bits.unaligned: available, true
[03Mar2026 00:25:45.679] [modloading-worker-0/DEBUG] [io.netty.util.internal.PlatformDependent0/]: jdk.internal.misc.Unsafe.allocateUninitializedArray(int): unavailable
java.lang.IllegalAccessException: class io.netty.util.internal.PlatformDependent0$7 (in module io.netty.common) cannot access class jdk.internal.misc.Unsafe (in module java.base) because module java.base does not export jdk.internal.misc to module io.netty.common
	at jdk.internal.reflect.Reflection.newIllegalAccessException(Reflection.java:392) ~[?:?]
	at java.lang.reflect.AccessibleObject.checkAccess(AccessibleObject.java:674) ~[?:?]
	at java.lang.reflect.Method.invoke(Method.java:561) ~[?:?]
	at io.netty.util.internal.PlatformDependent0$7.run(PlatformDependent0.java:410) ~[netty-common-4.1.82.Final.jar%2382!/:4.1.82.Final]
	at java.security.AccessController.doPrivileged(AccessController.java:318) ~[?:?]
	at io.netty.util.internal.PlatformDependent0.<clinit>(PlatformDependent0.java:401) ~[netty-common-4.1.82.Final.jar%2382!/:4.1.82.Final]
	at io.netty.util.internal.PlatformDependent.isAndroid(PlatformDependent.java:333) ~[netty-common-4.1.82.Final.jar%2382!/:4.1.82.Final]
	at io.netty.util.internal.PlatformDependent.<clinit>(PlatformDependent.java:88) ~[netty-common-4.1.82.Final.jar%2382!/:4.1.82.Final]
	at io.netty.util.ConstantPool.<init>(ConstantPool.java:34) ~[netty-common-4.1.82.Final.jar%2382!/:4.1.82.Final]
	at io.netty.util.AttributeKey$1.<init>(AttributeKey.java:27) ~[netty-common-4.1.82.Final.jar%2382!/:4.1.82.Final]
	at io.netty.util.AttributeKey.<clinit>(AttributeKey.java:27) ~[netty-common-4.1.82.Final.jar%2382!/:4.1.82.Final]
	at net.minecraftforge.network.NetworkConstants.<clinit>(NetworkConstants.java:34) ~[forge-1.20.1-47.3.7-universal.jar%23146!/:?]
	at net.minecraftforge.common.ForgeMod.<init>(ForgeMod.java:429) ~[forge-1.20.1-47.3.7-universal.jar%23146!/:?]
	at jdk.internal.reflect.NativeConstructorAccessorImpl.newInstance0(Native Method) ~[?:?]
	at jdk.internal.reflect.NativeConstructorAccessorImpl.newInstance(NativeConstructorAccessorImpl.java:77) ~[?:?]
	at jdk.internal.reflect.DelegatingConstructorAccessorImpl.newInstance(DelegatingConstructorAccessorImpl.java:45) ~[?:?]
	at java.lang.reflect.Constructor.newInstanceWithCaller(Constructor.java:500) ~[?:?]
	at java.lang.reflect.Constructor.newInstance(Constructor.java:481) ~[?:?]
	at net.minecraftforge.fml.javafmlmod.FMLModContainer.constructMod(FMLModContainer.java:70) ~[javafmllanguage-1.20.1-47.3.7.jar%23143!/:?]
	at net.minecraftforge.fml.ModContainer.lambda$buildTransitionHandler$4(ModContainer.java:124) ~[fmlcore-1.20.1-47.3.7.jar%23142!/:?]
	at java.util.concurrent.CompletableFuture$AsyncRun.run(CompletableFuture.java:1804) ~[?:?]
	at java.util.concurrent.CompletableFuture$AsyncRun.exec(CompletableFuture.java:1796) ~[?:?]
	at java.util.concurrent.ForkJoinTask.doExec(ForkJoinTask.java:373) ~[?:?]
	at java.util.concurrent.ForkJoinPool$WorkQueue.topLevelExec(ForkJoinPool.java:1182) ~[?:?]
	at java.util.concurrent.ForkJoinPool.scan(ForkJoinPool.java:1655) ~[?:?]
	at java.util.concurrent.ForkJoinPool.runWorker(ForkJoinPool.java:1622) ~[?:?]
	at java.util.concurrent.ForkJoinWorkerThread.run(ForkJoinWorkerThread.java:165) ~[?:?]
[03Mar2026 00:25:45.680] [modloading-worker-0/DEBUG] [net.minecraftforge.fml.config.ConfigTracker/CONFIG]: Config file improvedmobs/client.toml for improvedmobs tracking
[03Mar2026 00:25:45.680] [modloading-worker-0/DEBUG] [net.minecraftforge.fml.config.ConfigTracker/CONFIG]: Config file improvedmobs/common.toml for improvedmobs tracking
[03Mar2026 00:25:45.684] [modloading-worker-0/DEBUG] [io.netty.util.internal.PlatformDependent0/]: java.nio.DirectByteBuffer.<init>(long, int): unavailable
[03Mar2026 00:25:45.685] [modloading-worker-0/DEBUG] [io.netty.util.internal.PlatformDependent/]: sun.misc.Unsafe: available
[03Mar2026 00:25:45.686] [modloading-worker-0/DEBUG] [io.netty.util.internal.PlatformDependent/]: maxDirectMemory: 6442450944 bytes (maybe)
[03Mar2026 00:25:45.688] [modloading-worker-0/DEBUG] [io.netty.util.internal.PlatformDependent/]: -Dio.netty.tmpdir: /tmp (java.io.tmpdir)
[03Mar2026 00:25:45.688] [modloading-worker-0/DEBUG] [io.netty.util.internal.PlatformDependent/]: -Dio.netty.bitMode: 64 (sun.arch.data.model)
[03Mar2026 00:25:45.689] [modloading-worker-0/DEBUG] [io.netty.util.internal.PlatformDependent/]: -Dio.netty.maxDirectMemory: -1 bytes
[03Mar2026 00:25:45.689] [modloading-worker-0/DEBUG] [io.netty.util.internal.PlatformDependent/]: -Dio.netty.uninitializedArrayAllocationThreshold: -1
[03Mar2026 00:25:45.693] [modloading-worker-0/DEBUG] [io.netty.util.internal.CleanerJava9/]: java.nio.ByteBuffer.cleaner(): available
[03Mar2026 00:25:45.693] [modloading-worker-0/DEBUG] [io.netty.util.internal.PlatformDependent/]: -Dio.netty.noPreferDirect: false
[03Mar2026 00:25:45.700] [modloading-worker-0/DEBUG] [net.minecraftforge.fml.javafmlmod.AutomaticEventSubscriber/LOADING]: Attempting to inject @EventBusSubscriber classes into the eventbus for improvedmobs
[03Mar2026 00:25:45.701] [modloading-worker-0/DEBUG] [net.minecraftforge.fml.javafmlmod.AutomaticEventSubscriber/LOADING]: Auto-subscribing io.github.flemmli97.improvedmobs.forge.data.DataEvent to MOD
[03Mar2026 00:25:45.705] [modloading-worker-0/DEBUG] [net.minecraftforge.fml.javafmlmod.AutomaticEventSubscriber/LOADING]: Auto-subscribing io.github.flemmli97.improvedmobs.forge.ImprovedMobsForge to FORGE
[03Mar2026 00:25:45.728] [modloading-worker-0/DEBUG] [net.minecraftforge.common.ForgeMod/FORGEMOD]: Loading Network data for FML net version: FML3
[03Mar2026 00:25:45.744] [modloading-worker-0/DEBUG] [net.minecraftforge.fml.config.ConfigTracker/CONFIG]: Config file forge-client.toml for forge tracking
[03Mar2026 00:25:45.744] [modloading-worker-0/DEBUG] [net.minecraftforge.fml.config.ConfigTracker/CONFIG]: Config file forge-server.toml for forge tracking
[03Mar2026 00:25:45.744] [modloading-worker-0/DEBUG] [net.minecraftforge.fml.ModLoadingContext/]: Attempted to register an empty config for type COMMON on mod forge
[03Mar2026 00:25:45.763] [modloading-worker-0/DEBUG] [net.minecraftforge.fml.javafmlmod.AutomaticEventSubscriber/LOADING]: Attempting to inject @EventBusSubscriber classes into the eventbus for forge
[03Mar2026 00:25:45.764] [modloading-worker-0/DEBUG] [net.minecraftforge.fml.javafmlmod.AutomaticEventSubscriber/LOADING]: Auto-subscribing net.minecraftforge.common.ForgeSpawnEggItem$CommonHandler to MOD
[03Mar2026 00:25:45.834] [main/DEBUG] [net.minecraftforge.common.capabilities.CapabilityManager/CAPABILITIES]: Attempting to automatically register: Lnet/minecraftforge/energy/IEnergyStorage;
[03Mar2026 00:25:45.834] [main/DEBUG] [net.minecraftforge.common.capabilities.CapabilityManager/CAPABILITIES]: Attempting to automatically register: Lnet/minecraftforge/fluids/capability/IFluidHandler;
[03Mar2026 00:25:45.834] [main/DEBUG] [net.minecraftforge.common.capabilities.CapabilityManager/CAPABILITIES]: Attempting to automatically register: Lnet/minecraftforge/fluids/capability/IFluidHandlerItem;
[03Mar2026 00:25:45.834] [main/DEBUG] [net.minecraftforge.common.capabilities.CapabilityManager/CAPABILITIES]: Attempting to automatically register: Lnet/minecraftforge/items/IItemHandler;
[03Mar2026 00:25:45.970] [main/DEBUG] [mixin/]: Mixing TargetingConditionMixin from improvedmobs.mixins.json into net.minecraft.world.entity.ai.targeting.TargetingConditions
[03Mar2026 00:25:45.971] [main/DEBUG] [mixin/]: improvedmobs.mixins.json:TargetingConditionMixin: Class version 61 required is higher than the class version supported by the current version of Mixin (JAVA_16 supports class version 60)
[03Mar2026 00:25:46.227] [main/WARN] [net.minecraft.network.syncher.SynchedEntityData/]: defineId called for: class net.mcreator.borninchaosv.entity.BabySpiderEntity from class net.mcreator.borninchaosv.entity.MotherSpiderEntity
[03Mar2026 00:25:46.234] [main/DEBUG] [mixin/]: Mixing access.SpawnPlacementsAccessor from platform-common.mixins.json into net.minecraft.world.entity.SpawnPlacements
[03Mar2026 00:25:46.234] [main/DEBUG] [mixin/]: Renaming @Accessor method getDATA_BY_TYPE()Ljava/util/Map; to getDATA_BY_TYPE_$md$3e92c3$0 in platform-common.mixins.json:access.SpawnPlacementsAccessor
[03Mar2026 00:25:46.252] [main/DEBUG] [net.minecraftforge.fml.config.ConfigTracker/CONFIG]: Loading configs type COMMON
[03Mar2026 00:25:46.255] [main/DEBUG] [fuzs.puzzleslib.impl.config.core.ForgeConfigFileTypeHandler/CONFIG]: Built TOML config for /workspaces/mineserv/servidor_minecraft/config/mutantmonsters-common.toml
[03Mar2026 00:25:46.256] [main/DEBUG] [fuzs.puzzleslib.impl.config.core.ForgeConfigFileTypeHandler/CONFIG]: Loaded TOML config file /workspaces/mineserv/servidor_minecraft/config/mutantmonsters-common.toml
[03Mar2026 00:25:46.261] [main/DEBUG] [fuzs.puzzleslib.impl.config.core.ForgeConfigFileTypeHandler/CONFIG]: Watching TOML config file /workspaces/mineserv/servidor_minecraft/config/mutantmonsters-common.toml for changes
[03Mar2026 00:25:46.265] [main/INFO] [Puzzles Lib/]: Loading common config for mutantmonsters
[03Mar2026 00:25:46.266] [main/DEBUG] [net.minecraftforge.fml.config.ConfigFileTypeHandler/CONFIG]: Built TOML config for /workspaces/mineserv/servidor_minecraft/config/rottencreatures-common.toml
[03Mar2026 00:25:46.267] [main/DEBUG] [net.minecraftforge.fml.config.ConfigFileTypeHandler/CONFIG]: Loaded TOML config file /workspaces/mineserv/servidor_minecraft/config/rottencreatures-common.toml
[03Mar2026 00:25:46.268] [main/DEBUG] [net.minecraftforge.fml.config.ConfigFileTypeHandler/CONFIG]: Watching TOML config file /workspaces/mineserv/servidor_minecraft/config/rottencreatures-common.toml for changes
[03Mar2026 00:25:46.268] [Thread-2/DEBUG] [net.minecraftforge.fml.config.ConfigFileTypeHandler/CONFIG]: Config file rottencreatures-common.toml changed, sending notifies
[03Mar2026 00:25:46.268] [main/DEBUG] [net.minecraftforge.fml.config.ConfigFileTypeHandler/CONFIG]: Built TOML config for /workspaces/mineserv/servidor_minecraft/config/sophisticatedcore-common.toml
[03Mar2026 00:25:46.269] [Thread-2/DEBUG] [net.minecraftforge.fml.config.ConfigFileTypeHandler/CONFIG]: Config file rottencreatures-common.toml changed, sending notifies
[03Mar2026 00:25:46.269] [main/DEBUG] [net.minecraftforge.fml.config.ConfigFileTypeHandler/CONFIG]: Loaded TOML config file /workspaces/mineserv/servidor_minecraft/config/sophisticatedcore-common.toml
[03Mar2026 00:25:46.269] [main/DEBUG] [net.minecraftforge.fml.config.ConfigFileTypeHandler/CONFIG]: Watching TOML config file /workspaces/mineserv/servidor_minecraft/config/sophisticatedcore-common.toml for changes
[03Mar2026 00:25:46.270] [Thread-2/DEBUG] [net.minecraftforge.fml.config.ConfigFileTypeHandler/CONFIG]: Config file sophisticatedcore-common.toml changed, sending notifies
[03Mar2026 00:25:46.271] [main/DEBUG] [net.minecraftforge.fml.config.ConfigFileTypeHandler/CONFIG]: Built TOML config for /workspaces/mineserv/servidor_minecraft/config/curios-common.toml
[03Mar2026 00:25:46.271] [main/DEBUG] [net.minecraftforge.fml.config.ConfigFileTypeHandler/CONFIG]: Loaded TOML config file /workspaces/mineserv/servidor_minecraft/config/curios-common.toml
[03Mar2026 00:25:46.271] [main/DEBUG] [net.minecraftforge.fml.config.ConfigFileTypeHandler/CONFIG]: Watching TOML config file /workspaces/mineserv/servidor_minecraft/config/curios-common.toml for changes
[03Mar2026 00:25:46.272] [Thread-2/DEBUG] [net.minecraftforge.fml.config.ConfigFileTypeHandler/CONFIG]: Config file sophisticatedcore-common.toml changed, sending notifies
[03Mar2026 00:25:46.272] [main/DEBUG] [net.minecraftforge.fml.config.ConfigFileTypeHandler/CONFIG]: Built TOML config for /workspaces/mineserv/servidor_minecraft/config/sophisticatedbackpacks-common.toml
[03Mar2026 00:25:46.272] [Thread-2/DEBUG] [net.minecraftforge.fml.config.ConfigFileTypeHandler/CONFIG]: Config file curios-common.toml changed, sending notifies
[03Mar2026 00:25:46.273] [main/DEBUG] [net.minecraftforge.fml.config.ConfigFileTypeHandler/CONFIG]: Loaded TOML config file /workspaces/mineserv/servidor_minecraft/config/sophisticatedbackpacks-common.toml
[03Mar2026 00:25:46.273] [main/DEBUG] [net.minecraftforge.fml.config.ConfigFileTypeHandler/CONFIG]: Watching TOML config file /workspaces/mineserv/servidor_minecraft/config/sophisticatedbackpacks-common.toml for changes
[03Mar2026 00:25:46.273] [Thread-2/DEBUG] [net.minecraftforge.fml.config.ConfigFileTypeHandler/CONFIG]: Config file sophisticatedbackpacks-common.toml changed, sending notifies
[03Mar2026 00:25:46.274] [Thread-2/DEBUG] [net.minecraftforge.fml.config.ConfigFileTypeHandler/CONFIG]: Config file sophisticatedbackpacks-common.toml changed, sending notifies
[03Mar2026 00:25:46.274] [main/DEBUG] [net.minecraftforge.fml.config.ConfigFileTypeHandler/CONFIG]: Built TOML config for /workspaces/mineserv/servidor_minecraft/config/improvedmobs/common.toml
[03Mar2026 00:25:46.277] [main/DEBUG] [net.minecraftforge.fml.config.ConfigFileTypeHandler/CONFIG]: Loaded TOML config file /workspaces/mineserv/servidor_minecraft/config/improvedmobs/common.toml
[03Mar2026 00:25:46.278] [main/DEBUG] [net.minecraftforge.fml.config.ConfigFileTypeHandler/CONFIG]: Watching TOML config file /workspaces/mineserv/servidor_minecraft/config/improvedmobs/common.toml for changes
[03Mar2026 00:25:46.284] [Thread-2/DEBUG] [net.minecraftforge.fml.config.ConfigFileTypeHandler/CONFIG]: Config file improvedmobs/common.toml changed, sending notifies
[03Mar2026 00:25:46.289] [Thread-2/DEBUG] [net.minecraftforge.fml.config.ConfigFileTypeHandler/CONFIG]: Config file improvedmobs/common.toml changed, sending notifies
[03Mar2026 00:25:46.307] [modloading-worker-0/DEBUG] [mixin/]: Mixing MixinSlotAttribute from curios.mixins.json into top.theillusivec4.curios.api.SlotAttribute
[03Mar2026 00:25:46.318] [modloading-worker-0/DEBUG] [mixin/]: Mixing MixinCuriosApi from curios.mixins.json into top.theillusivec4.curios.api.CuriosApi
[03Mar2026 00:25:46.492] [modloading-worker-0/WARN] [Exile Log: com.robertx22.library_of_exile.registry.ExileRegistryContainer/]: Entry of type: mmorpg_stat_condition already exists as seriazable: random_roll
[03Mar2026 00:25:46.496] [Forge Version Check/INFO] [net.minecraftforge.fml.VersionChecker/]: [mutantmonsters] Starting version check at https://raw.githubusercontent.com/Fuzss/modresources/main/update/mutantmonsters.json
[03Mar2026 00:25:46.675] [Forge Version Check/DEBUG] [net.minecraftforge.fml.VersionChecker/]: [mutantmonsters] Received version check data:
{
    "homepage": "https://github.com/Fuzss/mutantmonsters",
    "promos": {
        "1.19.2-latest": "4.0.6",
        "1.19.2-recommended": "4.0.6",
        "1.19.3-latest": "5.0.1",
        "1.19.3-recommended": "5.0.1",
        "1.19.4-latest": "6.0.2",
        "1.19.4-recommended": "6.0.2",
        "1.18.2-latest": "3.0.1",
        "1.18.2-recommended": "3.0.1",
        "1.20-latest": "7.0.0",
        "1.20-recommended": "7.0.0",
        "1.20.1-latest": "8.0.8",
        "1.20.1-recommended": "8.0.8",
        "1.20.4-latest": "20.4.1",
        "1.20.4-recommended": "20.4.1",
        "1.21.1-latest": "21.1.1",
        "1.21.1-recommended": "21.1.1",
        "1.21.3-latest": "21.3.1",
        "1.21.3-recommended": "21.3.1",
        "1.21.4-latest": "21.4.2",
        "1.21.4-recommended": "21.4.2",
        "1.21.5-latest": "21.5.1",
        "1.21.5-recommended": "21.5.1",
        "1.21.7-latest": "21.7.0",
        "1.21.7-recommended": "21.7.0",
        "1.21.8-latest": "21.8.0",
        "1.21.8-recommended": "21.8.0",
        "1.21.10-latest": "21.10.5",
        "1.21.10-recommended": "21.10.5",
        "1.21.9-latest": "21.9.0",
        "1.21.9-recommended": "21.9.0"
    }
}
[03Mar2026 00:25:46.676] [Forge Version Check/INFO] [net.minecraftforge.fml.VersionChecker/]: [mutantmonsters] Found status: UP_TO_DATE Current: 8.0.8 Target: null
[03Mar2026 00:25:46.677] [Forge Version Check/INFO] [net.minecraftforge.fml.VersionChecker/]: [mr_dungeons_andtaverns] Starting version check at https://api.modrinth.com/updates/tpehi7ww/forge_updates.json
[03Mar2026 00:25:46.825] [modloading-worker-0/WARN] [Exile Log: com.robertx22.library_of_exile.registry.ExileRegistryContainer/]: Entry of type: mmorpg_gear_rarity already exists as seriazable: common
[03Mar2026 00:25:46.826] [modloading-worker-0/WARN] [Exile Log: com.robertx22.library_of_exile.registry.ExileRegistryContainer/]: Entry of type: mmorpg_gear_rarity already exists as seriazable: uncommon
[03Mar2026 00:25:46.830] [modloading-worker-0/WARN] [Exile Log: com.robertx22.library_of_exile.registry.ExileRegistryContainer/]: Entry of type: library_of_exile_item_requirement already exists as seriazable: is_map
[03Mar2026 00:25:46.836] [main/DEBUG] [net.minecraftforge.fml.DeferredWorkQueue/LOADING]: Dispatching synchronous work for work queue COMMON_SETUP: 20 jobs
[03Mar2026 00:25:46.934] [Forge Version Check/DEBUG] [net.minecraftforge.fml.VersionChecker/]: [mr_dungeons_andtaverns] Received version check data:
{"homepage":"https://modrinth.com/mod/tpehi7ww","promos":{"1.20.3-recommended":"3.1.1+mod","1.19-latest":"2.0.2+mod","1.21.2-latest":"v4.5+mod","1.21.10-rc1-latest":"v5.0.0+mod","1.21-latest":"v4.4.4+mod","1.19-recommended":"2.0.2+mod","1.21.2-recommended":"v4.5+mod","1.20.2-latest":"3.0.3.f+mod","1.21.7-latest":"v4.7.3+mod","1.21.4-recommended":"v4.6.3+mod","1.21.1-latest":"v4.4.4+mod","1.20.6-recommended":"3.2+mod","1.21-recommended":"v4.4.4+mod","1.20.1-latest":"3.0.3.f+mod","1.20.6-latest":"3.2+mod","1.19.4-recommended":"2.0.2+mod","1.20.4-recommended":"3.1.1+mod","1.21.4-latest":"v4.6.3+mod","1.20-recommended":"3.0.3.f+mod","1.20-latest":"3.0.3.f+mod","1.20.3-latest":"3.1.1+mod","1.20.4-latest":"3.1.1+mod","1.19.4-latest":"2.0.2+mod","1.21.7-recommended":"v4.7.3+mod","1.19.3-recommended":"2.0.2+mod","1.21.5-latest":"v4.7.3+mod","1.20.5-recommended":"3.2+mod","1.21.10-rc1-recommended":"v5.0.0+mod","1.19.3-latest":"2.0.2+mod","1.21.10-recommended":"v5.0.4+mod","1.21.3-latest":"v4.5+mod","1.21.8-latest":"v4.7.3+mod","1.20.1-recommended":"3.0.3.f+mod","1.20.2-recommended":"3.0.3.f+mod","1.19.2-recommended":"2.0.2+mod","1.21.6-latest":"v4.7.3+mod","1.21.11-recommended":"v5.1.0+mod","1.21.11-latest":"v5.1.0+mod","1.21.10-latest":"v5.0.4+mod","1.21.5-recommended":"v4.7.3+mod","1.21.6-recommended":"v4.7.3+mod","1.21.8-recommended":"v4.7.3+mod","1.19.1-latest":"2.0.2+mod","1.19.2-latest":"2.0.2+mod","1.21.9-recommended":"v5.0.4+mod","1.21.3-recommended":"v4.5+mod","1.21.9-latest":"v5.0.4+mod","1.19.1-recommended":"2.0.2+mod","1.21.1-recommended":"v4.4.4+mod","1.20.5-latest":"3.2+mod"}}
[03Mar2026 00:25:46.934] [Forge Version Check/INFO] [net.minecraftforge.fml.VersionChecker/]: [mr_dungeons_andtaverns] Found status: OUTDATED Current: 3.0.3.f Target: 3.0.3.f+mod
[03Mar2026 00:25:46.934] [Forge Version Check/INFO] [net.minecraftforge.fml.VersionChecker/]: [puzzleslib] Starting version check at https://raw.githubusercontent.com/Fuzss/modresources/main/update/puzzleslib.json
[03Mar2026 00:25:46.936] [main/DEBUG] [net.minecraftforge.fml.DeferredWorkQueue/LOADING]: Synchronous work queue completed in 98.50 ms
[03Mar2026 00:25:46.954] [Forge Version Check/DEBUG] [net.minecraftforge.fml.VersionChecker/]: [puzzleslib] Received version check data:
{
    "homepage": "https://modrinth.com/mod/puzzles-lib",
    "promos": {
        "1.16.2-latest": "1.0.15",
        "1.16.2-recommended": "1.0.15",
        "1.16.3-latest": "1.0.15",
        "1.16.3-recommended": "1.0.15",
        "1.16.4-latest": "1.0.15",
        "1.16.4-recommended": "1.0.15",
        "1.16.5-latest": "1.0.15",
        "1.16.5-recommended": "1.0.15",
        "1.17.1-latest": "2.0.2",
        "1.17.1-recommended": "2.0.2",
        "1.18-latest": "3.2.1",
        "1.18-recommended": "3.2.1",
        "1.18.1-latest": "3.2.1",
        "1.18.1-recommended": "3.2.1",
        "1.18.2-latest": "3.5.10",
        "1.18.2-recommended": "3.5.10",
        "1.19-latest": "4.0.18",
        "1.19-recommended": "4.0.18",
        "1.19.1-latest": "4.2.4",
        "1.19.1-recommended": "4.2.4",
        "1.19.2-latest": "4.4.3",
        "1.19.2-recommended": "4.4.3",
        "1.19.3-latest": "5.0.33",
        "1.19.3-recommended": "5.0.33",
        "1.19.4-latest": "6.0.11",
        "1.19.4-recommended": "6.0.11",
        "1.20-latest": "7.0.9",
        "1.20-recommended": "7.0.9",
        "1.20.1-latest": "8.1.33",
        "1.20.1-recommended": "8.1.33",
        "1.20.4-latest": "20.4.53",
        "1.20.4-recommended": "20.4.53",
        "1.21-latest": "21.0.28",
        "1.21-recommended": "21.0.28",
        "1.21.1-latest": "21.1.39",
        "1.21.1-recommended": "21.1.39",
        "1.21.10-latest": "21.10.8",
        "1.21.10-recommended": "21.10.8",
        "1.21.11-latest": "21.11.1",
        "1.21.11-recommended": "21.11.1",
        "1.21.3-latest": "21.3.25",
        "1.21.3-recommended": "21.3.25",
        "1.21.4-latest": "21.4.14",
        "1.21.4-recommended": "21.4.14",
        "1.21.5-latest": "21.5.13",
        "1.21.5-recommended": "21.5.13",
        "1.21.6-latest": "21.6.6",
        "1.21.6-recommended": "21.6.6",
        "1.21.7-latest": "21.7.1",
        "1.21.7-recommended": "21.7.1",
        "1.21.8-latest": "21.8.9",
        "1.21.8-recommended": "21.8.9",
        "1.21.9-latest": "21.9.5",
        "1.21.9-recommended": "21.9.5"
    }
}
[03Mar2026 00:25:46.955] [Forge Version Check/INFO] [net.minecraftforge.fml.VersionChecker/]: [puzzleslib] Found status: UP_TO_DATE Current: 8.1.33 Target: null
[03Mar2026 00:25:46.955] [Forge Version Check/INFO] [net.minecraftforge.fml.VersionChecker/]: [puzzlesaccessapi] Starting version check at https://raw.githubusercontent.com/Fuzss/modresources/main/update/puzzlesaccessapi.json
[03Mar2026 00:25:46.957] [modloading-worker-0/DEBUG] [net.minecraftforge.fml.config.ConfigTracker/CONFIG]: Config file mine_and_slash_compatibility-server.toml for mmorpg tracking
[03Mar2026 00:25:46.971] [Forge Version Check/DEBUG] [net.minecraftforge.fml.VersionChecker/]: [puzzlesaccessapi] Received version check data:
{
    "homepage": "https://github.com/Fuzss/puzzlesaccessapi",
    "promos": {}
}
[03Mar2026 00:25:46.972] [Forge Version Check/INFO] [net.minecraftforge.fml.VersionChecker/]: [puzzlesaccessapi] Found status: BETA Current: 20.1.1 Target: null
[03Mar2026 00:25:46.972] [Forge Version Check/INFO] [net.minecraftforge.fml.VersionChecker/]: [forge] Starting version check at https://files.minecraftforge.net/net/minecraftforge/forge/promotions_slim.json
[03Mar2026 00:25:47.109] [Forge Version Check/DEBUG] [net.minecraftforge.fml.VersionChecker/]: [forge] Received version check data:
{
  "homepage": "https://files.minecraftforge.net/net/minecraftforge/forge/",
  "promos": {
    "1.1-latest": "1.3.4.29",
    "1.2.3-latest": "1.4.1.64",
    "1.2.4-latest": "2.0.0.68",
    "1.2.5-latest": "3.4.9.171",
    "1.3.2-latest": "4.3.5.318",
    "1.4.0-latest": "5.0.0.326",
    "1.4.1-latest": "6.0.0.329",
    "1.4.2-latest": "6.0.1.355",
    "1.4.3-latest": "6.2.1.358",
    "1.4.4-latest": "6.3.0.378",
    "1.4.5-latest": "6.4.2.448",
    "1.4.6-latest": "6.5.0.489",
    "1.4.7-latest": "6.6.2.534",
    "1.5-latest": "7.7.0.598",
    "1.5.1-latest": "7.7.2.682",
    "1.5.2-latest": "7.8.1.738",
    "1.5.2-recommended": "7.8.1.738",
    "1.6.1-latest": "8.9.0.775",
    "1.6.2-latest": "9.10.1.871",
    "1.6.2-recommended": "9.10.1.871",
    "1.6.3-latest": "9.11.0.878",
    "1.6.4-latest": "9.11.1.1345",
    "1.6.4-recommended": "9.11.1.1345",
    "1.7.2-latest": "10.12.2.1161",
    "1.7.2-recommended": "10.12.2.1161",
    "1.7.10-latest": "10.13.4.1614",
    "1.7.10-recommended": "10.13.4.1614",
    "1.8-latest": "11.14.4.1577",
    "1.8-recommended": "11.14.4.1563",
    "1.8.8-latest": "11.15.0.1655",
    "1.8.9-latest": "11.15.1.2318",
    "1.8.9-recommended": "11.15.1.2318",
    "1.9-latest": "12.16.1.1938",
    "1.9-recommended": "12.16.1.1887",
    "1.9.4-latest": "12.17.0.2317",
    "1.9.4-recommended": "12.17.0.2317",
    "1.10-latest": "12.18.0.2000",
    "1.10.2-latest": "12.18.3.2511",
    "1.10.2-recommended": "12.18.3.2511",
    "1.11-latest": "13.19.1.2199",
    "1.11-recommended": "13.19.1.2189",
    "1.11.2-latest": "13.20.1.2588",
    "1.11.2-recommended": "13.20.1.2588",
    "1.12-latest": "14.21.1.2443",
    "1.12-recommended": "14.21.1.2387",
    "1.12.1-latest": "14.22.1.2485",
    "1.12.1-recommended": "14.22.1.2478",
    "1.12.2-latest": "14.23.5.2864",
    "1.12.2-recommended": "14.23.5.2859",
    "1.13.2-latest": "25.0.223",
    "1.14.2-latest": "26.0.63",
    "1.14.3-latest": "27.0.60",
    "1.14.4-latest": "28.2.28",
    "1.14.4-recommended": "28.2.26",
    "1.15-latest": "29.0.4",
    "1.15.1-latest": "30.0.51",
    "1.15.2-latest": "31.2.60",
    "1.15.2-recommended": "31.2.57",
    "1.16.1-latest": "32.0.108",
    "1.16.2-latest": "33.0.61",
    "1.16.3-latest": "34.1.42",
    "1.16.3-recommended": "34.1.0",
    "1.16.4-latest": "35.1.37",
    "1.16.4-recommended": "35.1.4",
    "1.16.5-latest": "36.2.42",
    "1.16.5-recommended": "36.2.34",
    "1.17.1-latest": "37.1.1",
    "1.17.1-recommended": "37.1.1",
    "1.18-latest": "38.0.17",
    "1.18.1-latest": "39.1.2",
    "1.18.1-recommended": "39.1.0",
    "1.18.2-recommended": "40.3.0",
    "1.18.2-latest": "40.3.12",
    "1.19-latest": "41.1.0",
    "1.19-recommended": "41.1.0",
    "1.19.1-latest": "42.0.9",
    "1.19.2-recommended": "43.5.0",
    "1.19.2-latest": "43.5.2",
    "1.19.3-latest": "44.1.23",
    "1.19.3-recommended": "44.1.0",
    "1.19.4-recommended": "45.4.0",
    "1.19.4-latest": "45.4.3",
    "1.20-latest": "46.0.14",
    "1.20.1-recommended": "47.4.10",
    "1.20.1-latest": "47.4.16",
    "1.20.2-latest": "48.1.0",
    "1.20.2-recommended": "48.1.0",
    "1.20.3-latest": "49.0.2",
    "1.20.4-latest": "49.2.4",
    "1.20.4-recommended": "49.2.0",
    "1.20.6-latest": "50.2.4",
    "1.20.6-recommended": "50.2.0",
    "1.21-latest": "51.0.33",
    "1.21.1-latest": "52.1.10",
    "1.21.1-recommended": "52.1.0",
    "1.21.3-latest": "53.1.7",
    "1.21.3-recommended": "53.1.0",
    "1.21.4-latest": "54.1.13",
    "1.21.4-recommended": "54.1.0",
    "1.21.5-latest": "55.1.7",
    "1.21.5-recommended": "55.1.0",
    "1.21.6-latest": "56.0.9",
    "1.21.7-latest": "57.0.3",
    "1.21.8-latest": "58.1.14",
    "1.21.8-recommended": "58.1.0",
    "1.21.9-latest": "59.0.5",
    "1.21.10-latest": "60.1.8",
    "1.21.10-recommended": "60.1.0",
    "1.21.11-latest": "61.1.1",
    "1.21.11-recommended": "61.1.0"
  }
}
[03Mar2026 00:25:47.110] [Forge Version Check/INFO] [net.minecraftforge.fml.VersionChecker/]: [forge] Found status: OUTDATED Current: 47.3.7 Target: 47.4.10
[03Mar2026 00:25:48.630] [main/INFO] [com.mojang.authlib.yggdrasil.YggdrasilAuthenticationService/]: Environment: authHost='https://authserver.mojang.com', accountsHost='https://api.mojang.com', sessionHost='https://sessionserver.mojang.com', servicesHost='https://api.minecraftservices.com', name='PROD'
[03Mar2026 00:25:48.734] [main/WARN] [net.minecraftforge.common.ForgeHooks/WP]: The following mods have version differences that were not resolved:
bettercombat (version 1.9.0+1.20.1 -> MISSING)
tacz (version 1.1.7-hotfix -> MISSING)
Things may not work well.
[03Mar2026 00:25:48.828] [main/ERROR] [net.minecraftforge.registries.GameData/REGISTRIES]: Unidentified mapping from registry minecraft:block
	tacz:gun_smith_table: 1025
	tacz:statue: 1030
	tacz:target: 1029
	tacz:workbench_a: 1026
	tacz:workbench_b: 1027
	tacz:workbench_c: 1028

[03Mar2026 00:25:48.829] [main/ERROR] [net.minecraftforge.registries.GameData/REGISTRIES]: Unidentified mapping from registry minecraft:entity_type
	tacz:bullet: 136
	tacz:target_minecart: 137

[03Mar2026 00:25:48.830] [main/ERROR] [net.minecraftforge.registries.GameData/REGISTRIES]: Unidentified mapping from registry minecraft:item
	tacz:ammo: 1684
	tacz:ammo_box: 1692
	tacz:attachment: 1685
	tacz:gun_smith_table: 1686
	tacz:modern_kinetic_gun: 1683
	tacz:statue: 1691
	tacz:target: 1690
	tacz:target_minecart: 1693
	tacz:workbench_a: 1687
	tacz:workbench_b: 1688
	tacz:workbench_c: 1689

[03Mar2026 00:25:48.830] [main/ERROR] [net.minecraftforge.registries.GameData/REGISTRIES]: Unidentified mapping from registry minecraft:painting_variant
	tacz:blood_strike_1: 30

[03Mar2026 00:25:48.830] [main/ERROR] [net.minecraftforge.registries.GameData/REGISTRIES]: Unidentified mapping from registry minecraft:sound_event
	bettercombat:anchor_slam: 1682
	bettercombat:axe_slash: 1683
	bettercombat:claymore_slam: 1686
	bettercombat:claymore_stab: 1685
	bettercombat:claymore_swing: 1684
	bettercombat:dagger_slash: 1687
	bettercombat:double_axe_swing: 1688
	bettercombat:fist_punch: 1689
	bettercombat:glaive_slash_quick: 1690
	bettercombat:glaive_slash_slow: 1691
	bettercombat:hammer_slam: 1692
	bettercombat:katana_slash: 1693
	bettercombat:mace_slam: 1694
	bettercombat:mace_slash: 1695
	bettercombat:pickaxe_swing: 1696
	bettercombat:rapier_slash: 1697
	bettercombat:rapier_stab: 1698
	bettercombat:scythe_slash: 1699
	bettercombat:sickle_slash: 1705
	bettercombat:spear_stab: 1700
	bettercombat:staff_slam: 1701
	bettercombat:staff_slash: 1702
	bettercombat:staff_spin: 1703
	bettercombat:staff_stab: 1704
	bettercombat:sword_slash: 1706
	bettercombat:wand_swing: 1707
	tacz:gun: 1482
	tacz:target_block_hit: 1483

[03Mar2026 00:25:48.832] [main/WARN] [net.minecraftforge.registries.GameData/REGISTRIES]: Forge Mod Loader detected missing registry entries.

There are 48 missing entries in this save.
If you continue the missing entries will get removed.
A world backup will be automatically created in your saves directory.


[03Mar2026 00:25:48.832] [main/WARN] [net.minecraftforge.registries.GameData/REGISTRIES]: Missing minecraft:sound_event:
    bettercombat:anchor_slam
    bettercombat:axe_slash
    bettercombat:claymore_slam
    bettercombat:claymore_stab
    bettercombat:claymore_swing
    bettercombat:dagger_slash
    bettercombat:double_axe_swing
    bettercombat:fist_punch
    bettercombat:glaive_slash_quick
    bettercombat:glaive_slash_slow
    bettercombat:hammer_slam
    bettercombat:katana_slash
    bettercombat:mace_slam
    bettercombat:mace_slash
    bettercombat:pickaxe_swing
    bettercombat:rapier_slash
    bettercombat:rapier_stab
    bettercombat:scythe_slash
    bettercombat:sickle_slash
    bettercombat:spear_stab
    bettercombat:staff_slam
    bettercombat:staff_slash
    bettercombat:staff_spin
    bettercombat:staff_stab
    bettercombat:sword_slash
    bettercombat:wand_swing
    tacz:gun
    tacz:target_block_hit

Missing minecraft:item:
    tacz:ammo
    tacz:ammo_box
    tacz:attachment
    tacz:gun_smith_table
    tacz:modern_kinetic_gun
    tacz:statue
    tacz:target
    tacz:target_minecart
    tacz:workbench_a
    tacz:workbench_b
    tacz:workbench_c

Missing minecraft:painting_variant:
    tacz:blood_strike_1

Missing minecraft:block:
    tacz:gun_smith_table
    tacz:statue
    tacz:target
    tacz:workbench_a
    tacz:workbench_b
    tacz:workbench_c

Missing minecraft:entity_type:
    tacz:bullet
    tacz:target_minecart


[03Mar2026 00:25:48.832] [main/ERROR] [net.minecraftforge.registries.GameData/REGISTRIES]: There are unidentified mappings in this world - we are going to attempt to process anyway
[03Mar2026 00:25:49.854] [main/DEBUG] [mixin/]: Mixing access.PackRepositoryAccessor from platform-common.mixins.json into net.minecraft.server.packs.repository.PackRepository
[03Mar2026 00:25:49.858] [main/WARN] [net.minecraft.server.packs.VanillaPackResourcesBuilder/]: Assets URL 'union:/workspaces/mineserv/servidor_minecraft/libraries/net/minecraft/server/1.20.1-20230612.114412/server-1.20.1-20230612.114412-srg.jar%23141!/assets/.mcassetsroot' uses unexpected schema
[03Mar2026 00:25:49.858] [main/WARN] [net.minecraft.server.packs.VanillaPackResourcesBuilder/]: Assets URL 'union:/workspaces/mineserv/servidor_minecraft/libraries/net/minecraft/server/1.20.1-20230612.114412/server-1.20.1-20230612.114412-srg.jar%23141!/data/.mcassetsroot' uses unexpected schema
[03Mar2026 00:25:49.903] [main/DEBUG] [net.minecraftforge.server.ServerLifecycleHooks/CORE]: Generating PackInfo named mod:tenshilib for mod file /workspaces/mineserv/servidor_minecraft/mods/tenshilib-1.20.1-1.7.6-forge.jar
[03Mar2026 00:25:49.903] [main/DEBUG] [net.minecraftforge.server.ServerLifecycleHooks/CORE]: Generating PackInfo named mod:mutantmonsters for mod file /workspaces/mineserv/servidor_minecraft/mods/MutantMonsters-v8.0.8-1.20.1-Forge.jar
[03Mar2026 00:25:49.903] [main/DEBUG] [net.minecraftforge.server.ServerLifecycleHooks/CORE]: Generating PackInfo named mod:the_harvest for mod file /workspaces/mineserv/servidor_minecraft/mods/The-Harvest-1.20.1-1.1.3.jar
[03Mar2026 00:25:49.903] [main/DEBUG] [net.minecraftforge.server.ServerLifecycleHooks/CORE]: Generating PackInfo named mod:geckolib for mod file /workspaces/mineserv/servidor_minecraft/mods/geckolib-forge-1.20.1-4.8.3 (1).jar
[03Mar2026 00:25:49.904] [main/DEBUG] [net.minecraftforge.server.ServerLifecycleHooks/CORE]: Generating PackInfo named mod:playeranimator for mod file /workspaces/mineserv/servidor_minecraft/mods/player-animation-lib-forge-1.0.2-rc1+1.20 (1).jar
[03Mar2026 00:25:49.904] [main/DEBUG] [net.minecraftforge.server.ServerLifecycleHooks/CORE]: Generating PackInfo named mod:chunky for mod file /workspaces/mineserv/servidor_minecraft/mods/Chunky-1.3.146.jar
[03Mar2026 00:25:49.904] [main/DEBUG] [net.minecraftforge.server.ServerLifecycleHooks/CORE]: Generating PackInfo named mod:platform for mod file /workspaces/mineserv/servidor_minecraft/mods/Platform-forge-1.20.1-1.2.11.5.jar
[03Mar2026 00:25:49.904] [main/DEBUG] [net.minecraftforge.server.ServerLifecycleHooks/CORE]: Generating PackInfo named mod:mmorpg for mod file /workspaces/mineserv/servidor_minecraft/mods/Mine_and_Slash-1.20.1-6.3.14.jar
[03Mar2026 00:25:49.905] [main/DEBUG] [net.minecraftforge.server.ServerLifecycleHooks/CORE]: Generating PackInfo named mod:born_in_chaos_v1 for mod file /workspaces/mineserv/servidor_minecraft/mods/born_in_chaos_[Forge]1.20.1_1.7.4.jar
[03Mar2026 00:25:49.905] [main/DEBUG] [net.minecraftforge.server.ServerLifecycleHooks/CORE]: Generating PackInfo named mod:rottencreatures for mod file /workspaces/mineserv/servidor_minecraft/mods/rottencreatures-forge-1.20.1-1.1.0.jar
[03Mar2026 00:25:49.905] [main/DEBUG] [net.minecraftforge.server.ServerLifecycleHooks/CORE]: Generating PackInfo named mod:sophisticatedcore for mod file /workspaces/mineserv/servidor_minecraft/mods/sophisticatedcore-1.20.1-1.3.1.1460.jar
[03Mar2026 00:25:49.905] [main/DEBUG] [net.minecraftforge.server.ServerLifecycleHooks/CORE]: Generating PackInfo named mod:dungeon_realm for mod file /workspaces/mineserv/servidor_minecraft/mods/Dungeon-Realm-1.20.1-1.1.7.jar
[03Mar2026 00:25:49.905] [main/DEBUG] [net.minecraftforge.server.ServerLifecycleHooks/CORE]: Generating PackInfo named mod:curios for mod file /workspaces/mineserv/servidor_minecraft/mods/curios-forge-5.14.1+1.20.1.jar
[03Mar2026 00:25:49.906] [main/DEBUG] [net.minecraftforge.server.ServerLifecycleHooks/CORE]: Generating PackInfo named mod:mr_dungeons_andtaverns for mod file /workspaces/mineserv/servidor_minecraft/mods/dungeons-and-taverns-3.0.3.f[Forge].jar
[03Mar2026 00:25:49.906] [main/DEBUG] [net.minecraftforge.server.ServerLifecycleHooks/CORE]: Generating PackInfo named mod:mixinextras for mod file 
[03Mar2026 00:25:49.907] [main/DEBUG] [net.minecraftforge.server.ServerLifecycleHooks/CORE]: Generating PackInfo named mod:library_of_exile for mod file /workspaces/mineserv/servidor_minecraft/mods/Library_of_Exile-1.20.1-2.1.5.jar
[03Mar2026 00:25:49.907] [main/DEBUG] [net.minecraftforge.server.ServerLifecycleHooks/CORE]: Generating PackInfo named mod:sophisticatedbackpacks for mod file /workspaces/mineserv/servidor_minecraft/mods/sophisticatedbackpacks-1.20.1-3.24.20.1500.jar
[03Mar2026 00:25:49.907] [main/DEBUG] [net.minecraftforge.server.ServerLifecycleHooks/CORE]: Generating PackInfo named mod:ancient_obelisks for mod file /workspaces/mineserv/servidor_minecraft/mods/Ancient-Obelisks-1.20.1-1.2.3.jar
[03Mar2026 00:25:49.907] [main/DEBUG] [net.minecraftforge.server.ServerLifecycleHooks/CORE]: Generating PackInfo named mod:puzzleslib for mod file /workspaces/mineserv/servidor_minecraft/mods/PuzzlesLib-v8.1.33-1.20.1-Forge.jar
[03Mar2026 00:25:49.908] [main/DEBUG] [net.minecraftforge.server.ServerLifecycleHooks/CORE]: Generating PackInfo named mod:puzzlesaccessapi for mod file 
[03Mar2026 00:25:49.908] [main/DEBUG] [net.minecraftforge.server.ServerLifecycleHooks/CORE]: Generating PackInfo named mod:cloth_config for mod file /workspaces/mineserv/servidor_minecraft/mods/cloth-config-11.1.136-forge.jar
[03Mar2026 00:25:49.908] [main/DEBUG] [net.minecraftforge.server.ServerLifecycleHooks/CORE]: Generating PackInfo named mod:forge for mod file /workspaces/mineserv/servidor_minecraft/libraries/net/minecraftforge/forge/1.20.1-47.3.7/forge-1.20.1-47.3.7-universal.jar
[03Mar2026 00:25:49.941] [main/DEBUG] [net.minecraftforge.server.ServerLifecycleHooks/CORE]: Generating PackInfo named mod:improvedmobs for mod file /workspaces/mineserv/servidor_minecraft/mods/improvedmobs-1.20.1-1.13.6-forge.jar
[03Mar2026 00:25:49.945] [main/WARN] [net.minecraft.server.MinecraftServer/]: Missing data pack mod:tacz
[03Mar2026 00:25:49.945] [main/WARN] [net.minecraft.server.MinecraftServer/]: Missing data pack tacz_resources
[03Mar2026 00:25:49.945] [main/WARN] [net.minecraft.server.MinecraftServer/]: Missing data pack mod:bettercombat
[03Mar2026 00:25:50.537] [main/DEBUG] [mixin/]: Mixing common.OverworldBiomeBuilderMixin from platform-common.mixins.json into net.minecraft.world.level.biome.OverworldBiomeBuilder
[03Mar2026 00:25:50.863] [main/DEBUG] [mixin/]: Mixing CommandsMixin from library_of_exile.mixins.json into net.minecraft.commands.Commands
[03Mar2026 00:25:50.863] [main/DEBUG] [mixin/]: library_of_exile.mixins.json:CommandsMixin: Class version 61 required is higher than the class version supported by the current version of Mixin (JAVA_8 supports class version 52)
[03Mar2026 00:25:50.997] [main/DEBUG] [net.minecraftforge.coremod.transformer.CoreModBaseTransformer/COREMOD]: Transforming net/minecraft/server/commands/SummonCommand
[03Mar2026 00:25:51.266] [main/DEBUG] [Exile Log: com.robertx22.library_of_exile.registry.Database/]: All Mine and Slash registries appear valid.
[03Mar2026 00:25:51.289] [main/DEBUG] [io.netty.buffer.AbstractByteBuf/]: -Dio.netty.buffer.checkAccessible: true
[03Mar2026 00:25:51.289] [main/DEBUG] [io.netty.buffer.AbstractByteBuf/]: -Dio.netty.buffer.checkBounds: true
[03Mar2026 00:25:51.290] [main/DEBUG] [io.netty.util.ResourceLeakDetectorFactory/]: Loaded default ResourceLeakDetector: io.netty.util.ResourceLeakDetector@130dd665
[03Mar2026 00:25:51.790] [Worker-Main-2/DEBUG] [net.minecraftforge.coremod.transformer.CoreModBaseTransformer/COREMOD]: Transforming net/minecraft/world/entity/raid/Raid
[03Mar2026 00:25:52.306] [main/INFO] [net.minecraft.world.item.crafting.RecipeManager/]: Loaded 7 recipes
[03Mar2026 00:25:52.407] [main/INFO] [net.minecraft.advancements.AdvancementList/]: Loaded 1441 advancements
[03Mar2026 00:25:52.416] [main/INFO] [top.theillusivec4.curios.Curios/]: Loaded 12 curio slots
[03Mar2026 00:25:52.421] [main/INFO] [top.theillusivec4.curios.Curios/]: Loaded 1 curio entities
[03Mar2026 00:25:52.517] [main/DEBUG] [Exile Log: com.robertx22.library_of_exile.utils.Watch/]: Loading mmorpg_stat jsons Action took: 78243 microseconds
[03Mar2026 00:25:52.671] [main/DEBUG] [Exile Log: com.robertx22.library_of_exile.utils.Watch/]:  Setting up talent grid Action took: 1915 microseconds
[03Mar2026 00:25:52.700] [main/DEBUG] [Exile Log: com.robertx22.library_of_exile.utils.Watch/]:  Connecting talent tree Action took: 28225 microseconds
[03Mar2026 00:25:52.707] [main/DEBUG] [Exile Log: com.robertx22.library_of_exile.utils.Watch/]:  Setting up talent grid Action took: 2012 microseconds
[03Mar2026 00:25:52.914] [main/DEBUG] [Exile Log: com.robertx22.library_of_exile.utils.Watch/]:  Connecting talent tree Action took: 207378 microseconds
[03Mar2026 00:25:52.916] [main/DEBUG] [Exile Log: com.robertx22.library_of_exile.utils.Watch/]: Loading mmorpg_talent_tree jsons Action took: 252736 microseconds
[03Mar2026 00:25:52.995] [main/DEBUG] [Exile Log: com.robertx22.library_of_exile.utils.Watch/]: Loading mmorpg_profession_recipe jsons Action took: 53804 microseconds
[03Mar2026 00:25:53.015] [main/DEBUG] [sophisticatedbackpacks/]: Started loading registry data from sophisticatedbackpacks:compat/woot/block_tools 
[03Mar2026 00:25:53.015] [main/DEBUG] [sophisticatedbackpacks/]: Started loading registry data from sophisticatedbackpacks:compat/fluxnetworks/block_tools 
[03Mar2026 00:25:53.015] [main/DEBUG] [sophisticatedbackpacks/]: Started loading registry data from sophisticatedbackpacks:compat/mob_grinding_utils/entity_tools 
[03Mar2026 00:25:53.015] [main/DEBUG] [sophisticatedbackpacks/]: Started loading registry data from sophisticatedbackpacks:compat/astralsorcery/block_tools 
[03Mar2026 00:25:53.015] [main/DEBUG] [sophisticatedbackpacks/]: Started loading registry data from sophisticatedbackpacks:compat/immersivepetroleum/block_tools 
[03Mar2026 00:25:53.015] [main/DEBUG] [sophisticatedbackpacks/]: Started loading registry data from sophisticatedbackpacks:compat/immersiveengineering/block_tools 
[03Mar2026 00:25:53.016] [main/DEBUG] [sophisticatedbackpacks/]: Started loading registry data from sophisticatedbackpacks:compat/pedestals/block_tools 
[03Mar2026 00:25:53.016] [main/DEBUG] [sophisticatedbackpacks/]: Started loading registry data from sophisticatedbackpacks:compat/platforms/block_tools 
[03Mar2026 00:25:53.016] [main/DEBUG] [sophisticatedbackpacks/]: Started loading registry data from sophisticatedbackpacks:compat/rftoolsutility/entity_tools 
[03Mar2026 00:25:53.016] [main/DEBUG] [sophisticatedbackpacks/]: Started loading registry data from sophisticatedbackpacks:compat/compactmachines/block_tools 
[03Mar2026 00:25:53.016] [main/DEBUG] [sophisticatedbackpacks/]: Started loading registry data from sophisticatedbackpacks:compat/mcwwindows/block_tools 
[03Mar2026 00:25:53.016] [main/DEBUG] [sophisticatedbackpacks/]: Started loading registry data from sophisticatedbackpacks:compat/integrateddynamics/block_tools 
[03Mar2026 00:25:53.016] [main/DEBUG] [sophisticatedbackpacks/]: Started loading registry data from sophisticatedbackpacks:entity_tools 
[03Mar2026 00:25:53.018] [main/DEBUG] [sophisticatedbackpacks/]: Finished loading registry data for sophisticatedbackpacks:entity_tools
[03Mar2026 00:25:53.018] [main/DEBUG] [sophisticatedbackpacks/]: Started loading registry data from sophisticatedbackpacks:compat/mekanism/block_tools 
[03Mar2026 00:25:53.018] [main/DEBUG] [sophisticatedbackpacks/]: Started loading registry data from sophisticatedbackpacks:compat/powah/block_tools 
[03Mar2026 00:25:53.018] [main/DEBUG] [sophisticatedbackpacks/]: Started loading registry data from sophisticatedbackpacks:compat/apotheosis/entity_tools 
[03Mar2026 00:25:53.018] [main/DEBUG] [sophisticatedbackpacks/]: Started loading registry data from sophisticatedbackpacks:compat/bloodmagic/block_tools 
[03Mar2026 00:25:53.018] [main/DEBUG] [sophisticatedbackpacks/]: Started loading registry data from sophisticatedbackpacks:compat/immersiveposts/block_tools 
[03Mar2026 00:25:53.018] [main/DEBUG] [sophisticatedbackpacks/]: Started loading registry data from sophisticatedbackpacks:compat/rats/entity_tools 
[03Mar2026 00:25:53.018] [main/DEBUG] [sophisticatedbackpacks/]: Started loading registry data from sophisticatedbackpacks:compat/framedcompactdrawers/block_tools 
[03Mar2026 00:25:53.018] [main/DEBUG] [sophisticatedbackpacks/]: Started loading registry data from sophisticatedbackpacks:compat/iceandfire/entity_tools 
[03Mar2026 00:25:53.018] [main/DEBUG] [sophisticatedbackpacks/]: Started loading registry data from sophisticatedbackpacks:compat/storagedrawers/block_tools 
[03Mar2026 00:25:53.018] [main/DEBUG] [sophisticatedbackpacks/]: Started loading registry data from sophisticatedbackpacks:compat/mcwroofs/block_tools 
[03Mar2026 00:25:53.018] [main/DEBUG] [sophisticatedbackpacks/]: Started loading registry data from sophisticatedbackpacks:compat/morphtool/block_tools 
[03Mar2026 00:25:53.018] [main/DEBUG] [sophisticatedbackpacks/]: Started loading registry data from sophisticatedbackpacks:compat/botania/block_tools 
[03Mar2026 00:25:53.018] [main/DEBUG] [sophisticatedbackpacks/]: Started loading registry data from sophisticatedbackpacks:compat/pneumaticraft/block_tools 
[03Mar2026 00:25:53.018] [main/DEBUG] [sophisticatedbackpacks/]: Started loading registry data from sophisticatedbackpacks:compat/shrink/entity_tools 
[03Mar2026 00:25:53.019] [main/DEBUG] [sophisticatedbackpacks/]: Started loading registry data from sophisticatedbackpacks:compat/blockcarpentry/block_tools 
[03Mar2026 00:25:53.019] [main/DEBUG] [sophisticatedbackpacks/]: Started loading registry data from sophisticatedbackpacks:compat/pipez/block_tools 
[03Mar2026 00:25:53.019] [main/DEBUG] [sophisticatedbackpacks/]: Started loading registry data from sophisticatedbackpacks:compat/transport/block_tools 
[03Mar2026 00:25:53.019] [main/DEBUG] [sophisticatedbackpacks/]: Started loading registry data from sophisticatedbackpacks:compat/thermal/block_tools 
[03Mar2026 00:25:53.019] [main/DEBUG] [sophisticatedbackpacks/]: Started loading registry data from sophisticatedbackpacks:block_tools 
[03Mar2026 00:25:53.019] [main/DEBUG] [sophisticatedbackpacks/]: Finished loading registry data for sophisticatedbackpacks:block_tools
[03Mar2026 00:25:53.019] [main/DEBUG] [sophisticatedbackpacks/]: Started loading registry data from sophisticatedbackpacks:compat/create/block_tools 
[03Mar2026 00:25:53.019] [main/DEBUG] [sophisticatedbackpacks/]: Started loading registry data from sophisticatedbackpacks:compat/farmersdelight/entity_tools 
[03Mar2026 00:25:53.019] [main/DEBUG] [sophisticatedbackpacks/]: Started loading registry data from sophisticatedbackpacks:compat/refinedstorage/block_tools 
[03Mar2026 00:25:53.019] [main/DEBUG] [sophisticatedbackpacks/]: Started loading registry data from sophisticatedbackpacks:compat/chiselsandbits/block_tools 
[03Mar2026 00:25:53.019] [main/DEBUG] [sophisticatedbackpacks/]: Started loading registry data from sophisticatedbackpacks:compat/farmersdelight/block_tools 
[03Mar2026 00:25:53.019] [main/DEBUG] [sophisticatedbackpacks/]: Started loading registry data from sophisticatedbackpacks:compat/resourcefulbees/entity_tools 
[03Mar2026 00:25:53.019] [main/DEBUG] [sophisticatedbackpacks/]: Started loading registry data from sophisticatedbackpacks:compat/tetra/swords 
[03Mar2026 00:25:53.019] [main/DEBUG] [sophisticatedbackpacks/]: Started loading registry data from sophisticatedbackpacks:swords 
[03Mar2026 00:25:53.019] [main/DEBUG] [sophisticatedbackpacks/]: Finished loading registry data for sophisticatedbackpacks:swords
[03Mar2026 00:25:53.019] [main/DEBUG] [sophisticatedbackpacks/]: Started loading registry data from sophisticatedbackpacks:compat/mythicbotany/block_tools 
[03Mar2026 00:25:53.019] [main/DEBUG] [sophisticatedbackpacks/]: Started loading registry data from sophisticatedbackpacks:compat/resourcefulbees/block_tools 
[03Mar2026 00:25:53.019] [main/DEBUG] [sophisticatedbackpacks/]: Started loading registry data from sophisticatedbackpacks:compat/syp/entity_tools 
[03Mar2026 00:25:53.019] [main/DEBUG] [sophisticatedbackpacks/]: Started loading registry data from sophisticatedbackpacks:compat/eidolon/block_tools 
[03Mar2026 00:25:53.019] [main/DEBUG] [sophisticatedbackpacks/]: Started loading registry data from sophisticatedbackpacks:compat/rftoolsbase/block_tools 
[03Mar2026 00:25:54.012] [main/DEBUG] [net.minecraftforge.common.ForgeHooks/WP]: Gathering id map for writing to world save world
[03Mar2026 00:25:54.031] [main/DEBUG] [net.minecraftforge.common.ForgeHooks/WP]: ID Map collection complete world
[03Mar2026 00:25:54.078] [main/DEBUG] [mixin/]: Mixing TestMixin from mmorpg.mixins.json into net.minecraft.server.ServerFunctionManager
[03Mar2026 00:25:54.078] [main/DEBUG] [mixin/]: mmorpg.mixins.json:TestMixin: Class version 61 required is higher than the class version supported by the current version of Mixin (JAVA_8 supports class version 52)
[03Mar2026 00:25:54.087] [Server thread/INFO] [net.minecraft.server.dedicated.DedicatedServer/]: Starting minecraft server version 1.20.1
[03Mar2026 00:25:54.087] [Server thread/INFO] [net.minecraft.server.dedicated.DedicatedServer/]: Loading properties
[03Mar2026 00:25:54.088] [Server thread/INFO] [net.minecraft.server.dedicated.DedicatedServer/]: Default game type: SURVIVAL
[03Mar2026 00:25:54.088] [Server thread/INFO] [net.minecraft.server.MinecraftServer/]: Generating keypair
[03Mar2026 00:25:54.331] [Server thread/INFO] [net.minecraft.server.dedicated.DedicatedServer/]: Starting Minecraft server on *:25565
[03Mar2026 00:25:54.332] [Server thread/DEBUG] [net.minecraftforge.network.DualStackUtils/]: Detected IPv6 address: "0:0:0:0:0:0:0:0"
[03Mar2026 00:25:54.344] [Server thread/DEBUG] [io.netty.util.internal.NativeLibraryLoader/]: -Dio.netty.native.workdir: /tmp (io.netty.tmpdir)
[03Mar2026 00:25:54.345] [Server thread/DEBUG] [io.netty.util.internal.NativeLibraryLoader/]: -Dio.netty.native.deleteLibAfterLoading: true
[03Mar2026 00:25:54.345] [Server thread/DEBUG] [io.netty.util.internal.NativeLibraryLoader/]: -Dio.netty.native.tryPatchShadedId: true
[03Mar2026 00:25:54.345] [Server thread/DEBUG] [io.netty.util.internal.NativeLibraryLoader/]: -Dio.netty.native.detectNativeLibraryDuplicates: true
[03Mar2026 00:25:54.356] [Server thread/DEBUG] [io.netty.util.internal.NativeLibraryLoader/]: Successfully loaded the library /tmp/libnetty_transport_native_epoll_x86_643622665175112418867.so
[03Mar2026 00:25:54.360] [Server thread/DEBUG] [io.netty.util.NetUtil/]: -Djava.net.preferIPv4Stack: false
[03Mar2026 00:25:54.360] [Server thread/DEBUG] [io.netty.util.NetUtil/]: -Djava.net.preferIPv6Addresses: true
[03Mar2026 00:25:54.362] [Server thread/DEBUG] [io.netty.util.NetUtilInitializations/]: Loopback interface: lo (lo, 0:0:0:0:0:0:0:1%lo)
[03Mar2026 00:25:54.363] [Server thread/DEBUG] [io.netty.util.NetUtil/]: /proc/sys/net/core/somaxconn: 4096
[03Mar2026 00:25:54.367] [Server thread/INFO] [net.minecraft.server.network.ServerConnectionListener/]: Using epoll channel type
[03Mar2026 00:25:54.387] [Server thread/DEBUG] [io.netty.channel.MultithreadEventLoopGroup/]: -Dio.netty.eventLoopThreads: 8
[03Mar2026 00:25:54.402] [Server thread/DEBUG] [io.netty.util.internal.InternalThreadLocalMap/]: -Dio.netty.threadLocalMap.stringBuilder.initialSize: 1024
[03Mar2026 00:25:54.403] [Server thread/DEBUG] [io.netty.util.internal.InternalThreadLocalMap/]: -Dio.netty.threadLocalMap.stringBuilder.maxSize: 4096
[03Mar2026 00:25:54.416] [Server thread/DEBUG] [io.netty.util.internal.PlatformDependent/]: org.jctools-core.MpscChunkedArrayQueue: available
[03Mar2026 00:25:54.427] [Server thread/DEBUG] [io.netty.channel.DefaultChannelId/]: -Dio.netty.processId: 5881 (auto-detected)
[03Mar2026 00:25:54.430] [Server thread/DEBUG] [io.netty.channel.DefaultChannelId/]: -Dio.netty.machineId: 7c:1e:52:ff:fe:93:12:3d (auto-detected)
[03Mar2026 00:25:54.452] [Server thread/DEBUG] [io.netty.buffer.PooledByteBufAllocator/]: -Dio.netty.allocator.numHeapArenas: 8
[03Mar2026 00:25:54.453] [Server thread/DEBUG] [io.netty.buffer.PooledByteBufAllocator/]: -Dio.netty.allocator.numDirectArenas: 8
[03Mar2026 00:25:54.453] [Server thread/DEBUG] [io.netty.buffer.PooledByteBufAllocator/]: -Dio.netty.allocator.pageSize: 8192
[03Mar2026 00:25:54.453] [Server thread/DEBUG] [io.netty.buffer.PooledByteBufAllocator/]: -Dio.netty.allocator.maxOrder: 9
[03Mar2026 00:25:54.453] [Server thread/DEBUG] [io.netty.buffer.PooledByteBufAllocator/]: -Dio.netty.allocator.chunkSize: 4194304
[03Mar2026 00:25:54.453] [Server thread/DEBUG] [io.netty.buffer.PooledByteBufAllocator/]: -Dio.netty.allocator.smallCacheSize: 256
[03Mar2026 00:25:54.453] [Server thread/DEBUG] [io.netty.buffer.PooledByteBufAllocator/]: -Dio.netty.allocator.normalCacheSize: 64
[03Mar2026 00:25:54.453] [Server thread/DEBUG] [io.netty.buffer.PooledByteBufAllocator/]: -Dio.netty.allocator.maxCachedBufferCapacity: 32768
[03Mar2026 00:25:54.453] [Server thread/DEBUG] [io.netty.buffer.PooledByteBufAllocator/]: -Dio.netty.allocator.cacheTrimInterval: 8192
[03Mar2026 00:25:54.453] [Server thread/DEBUG] [io.netty.buffer.PooledByteBufAllocator/]: -Dio.netty.allocator.cacheTrimIntervalMillis: 0
[03Mar2026 00:25:54.453] [Server thread/DEBUG] [io.netty.buffer.PooledByteBufAllocator/]: -Dio.netty.allocator.useCacheForAllThreads: false
[03Mar2026 00:25:54.453] [Server thread/DEBUG] [io.netty.buffer.PooledByteBufAllocator/]: -Dio.netty.allocator.maxCachedByteBuffersPerChunk: 1023
[03Mar2026 00:25:54.463] [Server thread/DEBUG] [io.netty.buffer.ByteBufUtil/]: -Dio.netty.allocator.type: pooled
[03Mar2026 00:25:54.463] [Server thread/DEBUG] [io.netty.buffer.ByteBufUtil/]: -Dio.netty.threadLocalDirectBufferSize: 0
[03Mar2026 00:25:54.463] [Server thread/DEBUG] [io.netty.buffer.ByteBufUtil/]: -Dio.netty.maxThreadLocalCharBufferSize: 16384
[03Mar2026 00:25:54.476] [Server thread/WARN] [net.minecraft.server.dedicated.DedicatedServer/]: **** SERVER IS RUNNING IN OFFLINE/INSECURE MODE!
[03Mar2026 00:25:54.477] [Server thread/WARN] [net.minecraft.server.dedicated.DedicatedServer/]: The server will make no attempt to authenticate usernames. Beware.
[03Mar2026 00:25:54.477] [Server thread/WARN] [net.minecraft.server.dedicated.DedicatedServer/]: While this makes the game possible to play without internet access, it also opens up the ability for hackers to connect with any username they choose.
[03Mar2026 00:25:54.477] [Server thread/WARN] [net.minecraft.server.dedicated.DedicatedServer/]: To change this, set "online-mode" to "true" in the server.properties file.
[03Mar2026 00:25:54.500] [Server thread/DEBUG] [net.minecraftforge.fml.config.ConfigTracker/CONFIG]: Loading configs type SERVER
[03Mar2026 00:25:54.501] [Server thread/DEBUG] [net.minecraftforge.fml.config.ConfigFileTypeHandler/CONFIG]: Built TOML config for ./world/serverconfig/the_harvest_dimension-server.toml
[03Mar2026 00:25:54.502] [Server thread/DEBUG] [net.minecraftforge.fml.config.ConfigFileTypeHandler/CONFIG]: Loaded TOML config file ./world/serverconfig/the_harvest_dimension-server.toml
[03Mar2026 00:25:54.503] [Server thread/DEBUG] [net.minecraftforge.fml.config.ConfigFileTypeHandler/CONFIG]: Watching TOML config file ./world/serverconfig/the_harvest_dimension-server.toml for changes
[03Mar2026 00:25:54.504] [Thread-2/DEBUG] [net.minecraftforge.fml.config.ConfigFileTypeHandler/CONFIG]: Config file the_harvest_dimension-server.toml changed, sending notifies
[03Mar2026 00:25:54.504] [Server thread/DEBUG] [fuzs.puzzleslib.impl.config.core.ForgeConfigFileTypeHandler/CONFIG]: Built TOML config for /workspaces/mineserv/servidor_minecraft/config/mutantmonsters-server.toml
[03Mar2026 00:25:54.505] [Server thread/DEBUG] [fuzs.puzzleslib.impl.config.core.ForgeConfigFileTypeHandler/CONFIG]: Loaded TOML config file /workspaces/mineserv/servidor_minecraft/config/mutantmonsters-server.toml
[03Mar2026 00:25:54.505] [Thread-2/DEBUG] [net.minecraftforge.fml.config.ConfigFileTypeHandler/CONFIG]: Config file the_harvest_dimension-server.toml changed, sending notifies
[03Mar2026 00:25:54.505] [Server thread/DEBUG] [fuzs.puzzleslib.impl.config.core.ForgeConfigFileTypeHandler/CONFIG]: Watching TOML config file /workspaces/mineserv/servidor_minecraft/config/mutantmonsters-server.toml for changes
[03Mar2026 00:25:54.524] [Server thread/INFO] [Puzzles Lib/]: Loading server config for mutantmonsters
[03Mar2026 00:25:54.528] [Thread-2/DEBUG] [fuzs.puzzleslib.impl.config.core.ForgeConfigFileTypeHandler/CONFIG]: Config file mutantmonsters-server.toml changed, sending notifies
[03Mar2026 00:25:54.528] [Server thread/DEBUG] [net.minecraftforge.fml.config.ConfigFileTypeHandler/CONFIG]: Built TOML config for ./world/serverconfig/dungeon_realm_dimension-server.toml
[03Mar2026 00:25:54.529] [Thread-2/INFO] [Puzzles Lib/]: Reloading server config for mutantmonsters
[03Mar2026 00:25:54.532] [Thread-2/DEBUG] [fuzs.puzzleslib.impl.config.core.ForgeConfigFileTypeHandler/CONFIG]: Config file mutantmonsters-server.toml changed, sending notifies
[03Mar2026 00:25:54.533] [Thread-2/INFO] [Puzzles Lib/]: Reloading server config for mutantmonsters
[03Mar2026 00:25:54.564] [Server thread/DEBUG] [net.minecraftforge.fml.config.ConfigFileTypeHandler/CONFIG]: Loaded TOML config file ./world/serverconfig/dungeon_realm_dimension-server.toml
[03Mar2026 00:25:54.564] [Server thread/DEBUG] [net.minecraftforge.fml.config.ConfigFileTypeHandler/CONFIG]: Watching TOML config file ./world/serverconfig/dungeon_realm_dimension-server.toml for changes
[03Mar2026 00:25:54.568] [Server thread/DEBUG] [net.minecraftforge.fml.config.ConfigFileTypeHandler/CONFIG]: Built TOML config for ./world/serverconfig/mine_and_slash-server.toml
[03Mar2026 00:25:54.569] [Server thread/DEBUG] [net.minecraftforge.fml.config.ConfigFileTypeHandler/CONFIG]: Loaded TOML config file ./world/serverconfig/mine_and_slash-server.toml
[03Mar2026 00:25:54.570] [Server thread/DEBUG] [net.minecraftforge.fml.config.ConfigFileTypeHandler/CONFIG]: Watching TOML config file ./world/serverconfig/mine_and_slash-server.toml for changes
[03Mar2026 00:25:54.570] [Server thread/WARN] [net.minecraftforge.common.ForgeConfigSpec/CORE]: Configuration file ./world/serverconfig/mine_and_slash-server.toml is not correct. Correcting
[03Mar2026 00:25:54.572] [Server thread/WARN] [net.minecraftforge.common.ForgeConfigSpec/CORE]: Incorrect key general.ENTITY_SUMMON_BLACKLIST was corrected from [minecraft:allay, minecraft:armor_stand] to its default, [minecraft:allay, minecraft:armor_stand]. 
[03Mar2026 00:25:54.573] [Thread-2/DEBUG] [net.minecraftforge.fml.config.ConfigFileTypeHandler/CONFIG]: Config file mine_and_slash-server.toml changed, sending notifies
[03Mar2026 00:25:54.575] [Server thread/DEBUG] [net.minecraftforge.fml.config.ConfigFileTypeHandler/CONFIG]: Built TOML config for ./world/serverconfig/the_harvest-server.toml
[03Mar2026 00:25:54.575] [Thread-2/DEBUG] [net.minecraftforge.fml.config.ConfigFileTypeHandler/CONFIG]: Config file mine_and_slash-server.toml changed, sending notifies
[03Mar2026 00:25:54.575] [Server thread/DEBUG] [net.minecraftforge.fml.config.ConfigFileTypeHandler/CONFIG]: Loaded TOML config file ./world/serverconfig/the_harvest-server.toml
[03Mar2026 00:25:54.575] [Server thread/DEBUG] [net.minecraftforge.fml.config.ConfigFileTypeHandler/CONFIG]: Watching TOML config file ./world/serverconfig/the_harvest-server.toml for changes
[03Mar2026 00:25:54.576] [Server thread/DEBUG] [net.minecraftforge.fml.config.ConfigFileTypeHandler/CONFIG]: Built TOML config for ./world/serverconfig/curios-server.toml
[03Mar2026 00:25:54.576] [Server thread/DEBUG] [net.minecraftforge.fml.config.ConfigFileTypeHandler/CONFIG]: Loaded TOML config file ./world/serverconfig/curios-server.toml
[03Mar2026 00:25:54.577] [Server thread/DEBUG] [net.minecraftforge.fml.config.ConfigFileTypeHandler/CONFIG]: Watching TOML config file ./world/serverconfig/curios-server.toml for changes
[03Mar2026 00:25:54.577] [Thread-2/DEBUG] [net.minecraftforge.fml.config.ConfigFileTypeHandler/CONFIG]: Config file the_harvest-server.toml changed, sending notifies
[03Mar2026 00:25:54.577] [Thread-2/DEBUG] [net.minecraftforge.fml.config.ConfigFileTypeHandler/CONFIG]: Config file curios-server.toml changed, sending notifies
[03Mar2026 00:25:54.578] [Thread-2/DEBUG] [net.minecraftforge.fml.config.ConfigFileTypeHandler/CONFIG]: Config file curios-server.toml changed, sending notifies
[03Mar2026 00:25:54.578] [Server thread/DEBUG] [net.minecraftforge.fml.config.ConfigFileTypeHandler/CONFIG]: Built TOML config for ./world/serverconfig/dungeon_realm-server.toml
[03Mar2026 00:25:54.579] [Server thread/DEBUG] [net.minecraftforge.fml.config.ConfigFileTypeHandler/CONFIG]: Loaded TOML config file ./world/serverconfig/dungeon_realm-server.toml
[03Mar2026 00:25:54.579] [Server thread/DEBUG] [net.minecraftforge.fml.config.ConfigFileTypeHandler/CONFIG]: Watching TOML config file ./world/serverconfig/dungeon_realm-server.toml for changes
[03Mar2026 00:25:54.580] [Server thread/DEBUG] [net.minecraftforge.fml.config.ConfigFileTypeHandler/CONFIG]: Built TOML config for ./world/serverconfig/sophisticatedbackpacks-server.toml
[03Mar2026 00:25:54.583] [Server thread/DEBUG] [net.minecraftforge.fml.config.ConfigFileTypeHandler/CONFIG]: Loaded TOML config file ./world/serverconfig/sophisticatedbackpacks-server.toml
[03Mar2026 00:25:54.583] [Server thread/DEBUG] [net.minecraftforge.fml.config.ConfigFileTypeHandler/CONFIG]: Watching TOML config file ./world/serverconfig/sophisticatedbackpacks-server.toml for changes
[03Mar2026 00:25:54.587] [Thread-2/DEBUG] [net.minecraftforge.fml.config.ConfigFileTypeHandler/CONFIG]: Config file sophisticatedbackpacks-server.toml changed, sending notifies
[03Mar2026 00:25:54.588] [Server thread/DEBUG] [net.minecraftforge.fml.config.ConfigFileTypeHandler/CONFIG]: Built TOML config for ./world/serverconfig/ancient_obelisks_dimension-server.toml
[03Mar2026 00:25:54.588] [Server thread/DEBUG] [net.minecraftforge.fml.config.ConfigFileTypeHandler/CONFIG]: Loaded TOML config file ./world/serverconfig/ancient_obelisks_dimension-server.toml
[03Mar2026 00:25:54.588] [Server thread/DEBUG] [net.minecraftforge.fml.config.ConfigFileTypeHandler/CONFIG]: Watching TOML config file ./world/serverconfig/ancient_obelisks_dimension-server.toml for changes
[03Mar2026 00:25:54.589] [Server thread/DEBUG] [net.minecraftforge.fml.config.ConfigFileTypeHandler/CONFIG]: Built TOML config for ./world/serverconfig/ancient_obelisks-server.toml
[03Mar2026 00:25:54.590] [Server thread/DEBUG] [net.minecraftforge.fml.config.ConfigFileTypeHandler/CONFIG]: Loaded TOML config file ./world/serverconfig/ancient_obelisks-server.toml
[03Mar2026 00:25:54.590] [Server thread/DEBUG] [net.minecraftforge.fml.config.ConfigFileTypeHandler/CONFIG]: Watching TOML config file ./world/serverconfig/ancient_obelisks-server.toml for changes
[03Mar2026 00:25:54.590] [Thread-2/DEBUG] [net.minecraftforge.fml.config.ConfigFileTypeHandler/CONFIG]: Config file ancient_obelisks-server.toml changed, sending notifies
[03Mar2026 00:25:54.591] [Server thread/DEBUG] [net.minecraftforge.fml.config.ConfigFileTypeHandler/CONFIG]: Built TOML config for ./world/serverconfig/forge-server.toml
[03Mar2026 00:25:54.591] [Server thread/DEBUG] [net.minecraftforge.fml.config.ConfigFileTypeHandler/CONFIG]: Loaded TOML config file ./world/serverconfig/forge-server.toml
[03Mar2026 00:25:54.591] [Thread-2/DEBUG] [net.minecraftforge.fml.config.ConfigFileTypeHandler/CONFIG]: Config file ancient_obelisks-server.toml changed, sending notifies
[03Mar2026 00:25:54.591] [Server thread/DEBUG] [net.minecraftforge.fml.config.ConfigFileTypeHandler/CONFIG]: Watching TOML config file ./world/serverconfig/forge-server.toml for changes
[03Mar2026 00:25:54.592] [Server thread/DEBUG] [net.minecraftforge.common.ForgeConfig/FORGEMOD]: Loaded forge config file forge-server.toml
[03Mar2026 00:25:54.592] [Thread-2/DEBUG] [net.minecraftforge.fml.config.ConfigFileTypeHandler/CONFIG]: Config file forge-server.toml changed, sending notifies
[03Mar2026 00:25:54.592] [Thread-2/DEBUG] [net.minecraftforge.common.ForgeConfig/FORGEMOD]: Forge config just got changed on the file system!
[03Mar2026 00:25:54.592] [Server thread/DEBUG] [net.minecraftforge.fml.config.ConfigFileTypeHandler/CONFIG]: Built TOML config for ./world/serverconfig/mine_and_slash_compatibility-server.toml
[03Mar2026 00:25:54.593] [Server thread/DEBUG] [net.minecraftforge.fml.config.ConfigFileTypeHandler/CONFIG]: Loaded TOML config file ./world/serverconfig/mine_and_slash_compatibility-server.toml
[03Mar2026 00:25:54.593] [Thread-2/DEBUG] [net.minecraftforge.fml.config.ConfigFileTypeHandler/CONFIG]: Config file forge-server.toml changed, sending notifies
[03Mar2026 00:25:54.593] [Thread-2/DEBUG] [net.minecraftforge.common.ForgeConfig/FORGEMOD]: Forge config just got changed on the file system!
[03Mar2026 00:25:54.593] [Server thread/DEBUG] [net.minecraftforge.fml.config.ConfigFileTypeHandler/CONFIG]: Watching TOML config file ./world/serverconfig/mine_and_slash_compatibility-server.toml for changes
[03Mar2026 00:25:54.593] [Thread-2/DEBUG] [net.minecraftforge.fml.config.ConfigFileTypeHandler/CONFIG]: Config file mine_and_slash_compatibility-server.toml changed, sending notifies
[03Mar2026 00:25:54.594] [Thread-2/DEBUG] [net.minecraftforge.fml.config.ConfigFileTypeHandler/CONFIG]: Config file mine_and_slash_compatibility-server.toml changed, sending notifies
[03Mar2026 00:25:54.597] [Server thread/DEBUG] [mixin/]: Mixing accessor.BiomeSpecialEffectsBuilderForgeAccessor from puzzleslib.forge.mixins.json into net.minecraft.world.level.biome.BiomeSpecialEffects$Builder
[03Mar2026 00:25:54.763] [Server thread/INFO] [Exile Log: com.robertx22.library_of_exile.dimension.WipeDimensionFeature/]: Wiping dimension folder: /workspaces/mineserv/servidor_minecraft/world/dimensions/the_harvest/harvest - If this is a the_harvest:harvest dimension folder, then the feature is working correctly. Report if it tries deleting something else though!
[03Mar2026 00:25:54.764] [Server thread/INFO] [Exile Log: com.robertx22.library_of_exile.dimension.WipeDimensionFeature/]: These dimensions are meant to be wiped on server boot to remain infinite.
[03Mar2026 00:25:54.772] [Server thread/DEBUG] [platform/]: Found existing server config directory directory : ./world/serverconfig
[03Mar2026 00:25:54.772] [Server thread/DEBUG] [com.blackgear.platform.core.util.config.ConfigTracker/]: Loading configs type SERVER
[03Mar2026 00:25:54.870] [Server thread/INFO] [Exile Log: com.robertx22.library_of_exile.dimension.WipeDimensionFeature/]: Wiping dimension folder: /workspaces/mineserv/servidor_minecraft/world/dimensions/dungeon_realm/dungeon - If this is a dungeon_realm:dungeon dimension folder, then the feature is working correctly. Report if it tries deleting something else though!
[03Mar2026 00:25:54.870] [Server thread/INFO] [Exile Log: com.robertx22.library_of_exile.dimension.WipeDimensionFeature/]: These dimensions are meant to be wiped on server boot to remain infinite.
[03Mar2026 00:25:54.995] [Server thread/INFO] [Exile Log: com.robertx22.library_of_exile.dimension.WipeDimensionFeature/]: Wiping dimension folder: /workspaces/mineserv/servidor_minecraft/world/dimensions/ancient_obelisks/obelisk - If this is a ancient_obelisks:obelisk dimension folder, then the feature is working correctly. Report if it tries deleting something else though!
[03Mar2026 00:25:54.995] [Server thread/INFO] [Exile Log: com.robertx22.library_of_exile.dimension.WipeDimensionFeature/]: These dimensions are meant to be wiped on server boot to remain infinite.
[03Mar2026 00:25:55.020] [Server thread/INFO] [net.minecraft.server.dedicated.DedicatedServer/]: Preparing level "world"
[03Mar2026 00:25:55.029] [Server thread/DEBUG] [net.minecraftforge.coremod.transformer.CoreModBaseTransformer/COREMOD]: Transforming net/minecraft/world/level/levelgen/PhantomSpawner
[03Mar2026 00:25:55.042] [Server thread/DEBUG] [net.minecraftforge.coremod.transformer.CoreModBaseTransformer/COREMOD]: Transforming net/minecraft/world/level/levelgen/PatrolSpawner
[03Mar2026 00:25:55.054] [Server thread/DEBUG] [net.minecraftforge.coremod.transformer.CoreModBaseTransformer/COREMOD]: Transforming net/minecraft/world/entity/npc/CatSpawner
[03Mar2026 00:25:55.069] [Server thread/DEBUG] [net.minecraftforge.coremod.transformer.CoreModBaseTransformer/COREMOD]: Transforming net/minecraft/world/entity/ai/village/VillageSiege
[03Mar2026 00:25:58.098] [Server thread/INFO] [net.minecraft.server.MinecraftServer/]: Preparing start region for dimension minecraft:overworld
[03Mar2026 00:26:00.630] [Server thread/DEBUG] [net.minecraftforge.coremod.transformer.CoreModBaseTransformer/COREMOD]: Transforming net/minecraft/world/level/levelgen/structure/templatesystem/StructureTemplate
[03Mar2026 00:26:04.701] [Worker-Main-2/INFO] [net.minecraft.server.level.progress.LoggerChunkProgressListener/]: Preparing spawn area: 0%
[03Mar2026 00:26:04.703] [Worker-Main-2/INFO] [net.minecraft.server.level.progress.LoggerChunkProgressListener/]: Preparing spawn area: 0%
[03Mar2026 00:26:04.704] [Worker-Main-2/INFO] [net.minecraft.server.level.progress.LoggerChunkProgressListener/]: Preparing spawn area: 0%
[03Mar2026 00:26:04.705] [Worker-Main-2/INFO] [net.minecraft.server.level.progress.LoggerChunkProgressListener/]: Preparing spawn area: 0%
[03Mar2026 00:26:04.706] [Worker-Main-1/INFO] [net.minecraft.server.level.progress.LoggerChunkProgressListener/]: Preparing spawn area: 0%
[03Mar2026 00:26:04.707] [Worker-Main-1/INFO] [net.minecraft.server.level.progress.LoggerChunkProgressListener/]: Preparing spawn area: 0%
[03Mar2026 00:26:04.708] [Worker-Main-2/INFO] [net.minecraft.server.level.progress.LoggerChunkProgressListener/]: Preparing spawn area: 0%
[03Mar2026 00:26:04.709] [Worker-Main-1/INFO] [net.minecraft.server.level.progress.LoggerChunkProgressListener/]: Preparing spawn area: 0%
[03Mar2026 00:26:04.710] [Worker-Main-2/INFO] [net.minecraft.server.level.progress.LoggerChunkProgressListener/]: Preparing spawn area: 0%
[03Mar2026 00:26:04.711] [Worker-Main-3/INFO] [net.minecraft.server.level.progress.LoggerChunkProgressListener/]: Preparing spawn area: 0%
[03Mar2026 00:26:04.712] [Worker-Main-3/INFO] [net.minecraft.server.level.progress.LoggerChunkProgressListener/]: Preparing spawn area: 0%
[03Mar2026 00:26:04.714] [Worker-Main-1/INFO] [net.minecraft.server.level.progress.LoggerChunkProgressListener/]: Preparing spawn area: 0%
[03Mar2026 00:26:04.714] [Worker-Main-2/INFO] [net.minecraft.server.level.progress.LoggerChunkProgressListener/]: Preparing spawn area: 0%
[03Mar2026 00:26:04.715] [Worker-Main-2/INFO] [net.minecraft.server.level.progress.LoggerChunkProgressListener/]: Preparing spawn area: 0%
[03Mar2026 00:26:05.099] [Worker-Main-3/INFO] [net.minecraft.server.level.progress.LoggerChunkProgressListener/]: Preparing spawn area: 1%
[03Mar2026 00:26:05.301] [Server thread/DEBUG] [mixin/]: Mixing DamageConflictCheckMixin from mmorpg.mixins.json into net.minecraft.world.damagesource.CombatTracker
[03Mar2026 00:26:05.302] [Server thread/DEBUG] [mixin/]: mmorpg.mixins.json:DamageConflictCheckMixin: Class version 61 required is higher than the class version supported by the current version of Mixin (JAVA_8 supports class version 52)
[03Mar2026 00:26:05.321] [Server thread/DEBUG] [mixin/]: Mixing AttributeMixin from mmorpg.mixins.json into net.minecraft.world.entity.ai.attributes.AttributeMap
[03Mar2026 00:26:05.322] [Server thread/DEBUG] [mixin/]: mmorpg.mixins.json:AttributeMixin: Class version 61 required is higher than the class version supported by the current version of Mixin (JAVA_8 supports class version 52)
[03Mar2026 00:26:05.356] [Server thread/DEBUG] [mixin/]: Mixing pathfinding.NodeEvaluatorMixin from improvedmobs.mixins.json into net.minecraft.world.level.pathfinder.NodeEvaluator
[03Mar2026 00:26:05.357] [Server thread/DEBUG] [mixin/]: improvedmobs.mixins.json:pathfinding.NodeEvaluatorMixin: Class version 61 required is higher than the class version supported by the current version of Mixin (JAVA_16 supports class version 60)
[03Mar2026 00:26:05.363] [Server thread/DEBUG] [mixin/]: Mixing pathfinding.GroundNodeMixin from improvedmobs.mixins.json into net.minecraft.world.level.pathfinder.WalkNodeEvaluator
[03Mar2026 00:26:05.363] [Server thread/DEBUG] [mixin/]: improvedmobs.mixins.json:pathfinding.GroundNodeMixin: Class version 61 required is higher than the class version supported by the current version of Mixin (JAVA_16 supports class version 60)
[03Mar2026 00:26:05.365] [Server thread/DEBUG] [mixin/]: Renaming synthetic method lambda$hasNoBreakableCollisions$8(Lnet/minecraft/world/phys/AABB;Ljava/lang/Object;)Z to md3e92c3$lambda$hasNoBreakableCollisions$8$0 in improvedmobs.mixins.json:pathfinding.GroundNodeMixin
[03Mar2026 00:26:05.365] [Server thread/DEBUG] [mixin/]: Renaming synthetic method lambda$breakable$7(Lnet/minecraft/world/level/block/state/BlockState;Lnet/minecraft/core/BlockPos;Lnet/minecraft/world/level/BlockGetter;Ljava/lang/Object;)Z to md3e92c3$lambda$breakable$7$1 in improvedmobs.mixins.json:pathfinding.GroundNodeMixin
[03Mar2026 00:26:05.366] [Server thread/DEBUG] [mixin/]: Renaming synthetic method lambda$breakableNodes$6(Lnet/minecraft/core/BlockPos;)Lnet/minecraft/world/level/pathfinder/Node; to md3e92c3$lambda$breakableNodes$6$2 in improvedmobs.mixins.json:pathfinding.GroundNodeMixin
[03Mar2026 00:26:05.366] [Server thread/DEBUG] [mixin/]: Renaming synthetic method lambda$breakableNodes$5(Lnet/minecraft/world/phys/AABB;)Ljava/lang/Boolean; to md3e92c3$lambda$breakableNodes$5$3 in improvedmobs.mixins.json:pathfinding.GroundNodeMixin
[03Mar2026 00:26:05.367] [Server thread/DEBUG] [mixin/]: Renaming synthetic method lambda$breakableNodes$4(Lnet/minecraft/world/phys/AABB;Ljava/lang/Object;)Z to md3e92c3$lambda$breakableNodes$4$4 in improvedmobs.mixins.json:pathfinding.GroundNodeMixin
[03Mar2026 00:26:05.367] [Server thread/DEBUG] [mixin/]: Renaming synthetic method lambda$breakableNodes$3(Lnet/minecraft/world/phys/AABB;)Ljava/lang/Boolean; to md3e92c3$lambda$breakableNodes$3$5 in improvedmobs.mixins.json:pathfinding.GroundNodeMixin
[03Mar2026 00:26:05.367] [Server thread/DEBUG] [mixin/]: Renaming synthetic method lambda$breakableNodes$2(Lnet/minecraft/world/phys/AABB;Ljava/lang/Object;)Z to md3e92c3$lambda$breakableNodes$2$6 in improvedmobs.mixins.json:pathfinding.GroundNodeMixin
[03Mar2026 00:26:05.368] [Server thread/DEBUG] [mixin/]: Renaming synthetic method lambda$breakableNodes$1(Lnet/minecraft/core/BlockPos;)Lnet/minecraft/world/level/pathfinder/BlockPathTypes; to md3e92c3$lambda$breakableNodes$1$7 in improvedmobs.mixins.json:pathfinding.GroundNodeMixin
[03Mar2026 00:26:05.368] [Server thread/DEBUG] [mixin/]: Renaming synthetic method lambda$addAdditionalPoints$0(Lnet/minecraft/core/BlockPos;)Lnet/minecraft/world/level/pathfinder/Node; to md3e92c3$lambda$addAdditionalPoints$0$8 in improvedmobs.mixins.json:pathfinding.GroundNodeMixin
[03Mar2026 00:26:05.387] [Server thread/DEBUG] [mixin/]: Mixing pathfinding.performance.WalkNodeEvaluatorMixin from improvedmobs.mixins.json into net.minecraft.world.level.pathfinder.WalkNodeEvaluator
[03Mar2026 00:26:05.388] [Server thread/DEBUG] [mixin/]: improvedmobs.mixins.json:pathfinding.performance.WalkNodeEvaluatorMixin: Class version 61 required is higher than the class version supported by the current version of Mixin (JAVA_16 supports class version 60)
[03Mar2026 00:26:05.396] [Server thread/DEBUG] [mixin/]: Mixing pathfinding.performance.WalkNodeStaticMixin from improvedmobs.mixins.compat.json into net.minecraft.world.level.pathfinder.WalkNodeEvaluator
[03Mar2026 00:26:05.396] [Server thread/DEBUG] [mixin/]: improvedmobs.mixins.compat.json:pathfinding.performance.WalkNodeStaticMixin: Class version 61 required is higher than the class version supported by the current version of Mixin (JAVA_16 supports class version 60)
[03Mar2026 00:26:05.443] [Server thread/DEBUG] [mixin/]: Mixing EntitySensingMixin from improvedmobs.mixins.json into net.minecraft.world.entity.ai.sensing.Sensing
[03Mar2026 00:26:05.443] [Server thread/DEBUG] [mixin/]: improvedmobs.mixins.json:EntitySensingMixin: Class version 61 required is higher than the class version supported by the current version of Mixin (JAVA_16 supports class version 60)
[03Mar2026 00:26:05.599] [Worker-Main-2/INFO] [net.minecraft.server.level.progress.LoggerChunkProgressListener/]: Preparing spawn area: 49%
[03Mar2026 00:26:05.692] [Server thread/WARN] [net.minecraft.world.level.block.entity.BlockEntity/]: Skipping BlockEntity with id tacz:gun_smith_table
[03Mar2026 00:26:05.693] [Server thread/WARN] [net.minecraft.world.level.block.entity.BlockEntity/]: Skipping BlockEntity with id tacz:gun_smith_table
[03Mar2026 00:26:05.694] [Server thread/WARN] [net.minecraft.world.level.block.entity.BlockEntity/]: Skipping BlockEntity with id tacz:gun_smith_table
[03Mar2026 00:26:05.861] [Server thread/DEBUG] [mixin/]: Mixing pathfinding.FlyNodeMixin from improvedmobs.mixins.json into net.minecraft.world.level.pathfinder.FlyNodeEvaluator
[03Mar2026 00:26:05.861] [Server thread/DEBUG] [mixin/]: improvedmobs.mixins.json:pathfinding.FlyNodeMixin: Class version 61 required is higher than the class version supported by the current version of Mixin (JAVA_16 supports class version 60)
[03Mar2026 00:26:05.862] [Server thread/DEBUG] [mixin/]: Renaming synthetic method lambda$breakableNodes$2(Lnet/minecraft/core/BlockPos;)Lnet/minecraft/world/level/pathfinder/Node; to md3e92c3$lambda$breakableNodes$2$0 in improvedmobs.mixins.json:pathfinding.FlyNodeMixin
[03Mar2026 00:26:05.862] [Server thread/DEBUG] [mixin/]: Renaming synthetic method lambda$breakableNodes$1(Lnet/minecraft/world/phys/AABB;)Ljava/lang/Boolean; to md3e92c3$lambda$breakableNodes$1$1 in improvedmobs.mixins.json:pathfinding.FlyNodeMixin
[03Mar2026 00:26:05.862] [Server thread/DEBUG] [mixin/]: Renaming synthetic method lambda$breakableNodes$0(Lnet/minecraft/world/phys/AABB;Ljava/lang/Object;)Z to md3e92c3$lambda$breakableNodes$0$2 in improvedmobs.mixins.json:pathfinding.FlyNodeMixin
[03Mar2026 00:26:05.866] [Server thread/DEBUG] [mixin/]: Mixing pathfinding.performance.FlyNodeEvaluatorMixin from improvedmobs.mixins.json into net.minecraft.world.level.pathfinder.FlyNodeEvaluator
[03Mar2026 00:26:05.867] [Server thread/DEBUG] [mixin/]: improvedmobs.mixins.json:pathfinding.performance.FlyNodeEvaluatorMixin: Class version 61 required is higher than the class version supported by the current version of Mixin (JAVA_16 supports class version 60)
[03Mar2026 00:26:06.099] [Worker-Main-3/INFO] [net.minecraft.server.level.progress.LoggerChunkProgressListener/]: Preparing spawn area: 84%
[03Mar2026 00:26:06.354] [Server thread/DEBUG] [mixin/]: Mixing pathfinding.SwimNodeEvaluatorMixin from improvedmobs.mixins.json into net.minecraft.world.level.pathfinder.SwimNodeEvaluator
[03Mar2026 00:26:06.355] [Server thread/DEBUG] [mixin/]: improvedmobs.mixins.json:pathfinding.SwimNodeEvaluatorMixin: Class version 61 required is higher than the class version supported by the current version of Mixin (JAVA_16 supports class version 60)
[03Mar2026 00:26:06.355] [Server thread/DEBUG] [mixin/]: Renaming synthetic method lambda$breakableNodes$2(Lnet/minecraft/core/BlockPos;)Lnet/minecraft/world/level/pathfinder/Node; to md3e92c3$lambda$breakableNodes$2$0 in improvedmobs.mixins.json:pathfinding.SwimNodeEvaluatorMixin
[03Mar2026 00:26:06.357] [Server thread/DEBUG] [mixin/]: Renaming synthetic method lambda$breakableNodes$1(Lnet/minecraft/world/phys/AABB;)Ljava/lang/Boolean; to md3e92c3$lambda$breakableNodes$1$1 in improvedmobs.mixins.json:pathfinding.SwimNodeEvaluatorMixin
[03Mar2026 00:26:06.357] [Server thread/DEBUG] [mixin/]: Renaming synthetic method lambda$breakableNodes$0(Lnet/minecraft/world/phys/AABB;Ljava/lang/Object;)Z to md3e92c3$lambda$breakableNodes$0$2 in improvedmobs.mixins.json:pathfinding.SwimNodeEvaluatorMixin
[03Mar2026 00:26:06.387] [Server thread/INFO] [net.minecraft.server.level.progress.LoggerChunkProgressListener/]: Time elapsed: 8289 ms
[03Mar2026 00:26:06.388] [Server thread/INFO] [net.minecraft.server.dedicated.DedicatedServer/]: Done (11.888s)! For help, type "help"
[03Mar2026 00:26:06.398] [Server thread/DEBUG] [net.minecraftforge.network.DualStackUtils/]: Detected IPv6 address: "0:0:0:0:0:0:0:0"
[03Mar2026 00:26:06.419] [Server thread/DEBUG] [net.minecraftforge.common.ForgeI18n/CORE]: Loading I18N data entries: 5706
[03Mar2026 00:26:06.423] [Server thread/INFO] [net.minecraftforge.server.permission.PermissionAPI/]: Successfully initialized permission handler forge:default_handler
[03Mar2026 00:26:06.455] [Server thread/DEBUG] [Exile Log: com.robertx22.library_of_exile.registry.Database/]: All Mine and Slash registries appear valid.
[03Mar2026 00:26:06.566] [Server thread/DEBUG] [net.minecraftforge.coremod.transformer.CoreModBaseTransformer/COREMOD]: Transforming net/minecraft/world/level/NaturalSpawner
[03Mar2026 00:26:07.123] [Server thread/DEBUG] [mixin/]: Mixing ClipContextMixin from improvedmobs.mixins.json into net.minecraft.world.level.ClipContext
[03Mar2026 00:26:07.123] [Server thread/DEBUG] [mixin/]: improvedmobs.mixins.json:ClipContextMixin: Class version 61 required is higher than the class version supported by the current version of Mixin (JAVA_16 supports class version 60)
[03Mar2026 00:26:42.652] [Netty Epoll Server IO #1/DEBUG] [io.netty.util.Recycler/]: -Dio.netty.recycler.maxCapacityPerThread: 4096
[03Mar2026 00:26:42.652] [Netty Epoll Server IO #1/DEBUG] [io.netty.util.Recycler/]: -Dio.netty.recycler.ratio: 8
[03Mar2026 00:26:42.652] [Netty Epoll Server IO #1/DEBUG] [io.netty.util.Recycler/]: -Dio.netty.recycler.chunkSize: 32
[03Mar2026 00:26:42.653] [Netty Epoll Server IO #1/DEBUG] [io.netty.util.Recycler/]: -Dio.netty.recycler.blocking: false
[03Mar2026 00:26:44.677] [Netty Epoll Server IO #2/DEBUG] [net.minecraftforge.network.HandshakeHandler/FMLHANDSHAKE]: Starting new modded impl connection. Found 33 messages to dispatch.
[03Mar2026 00:26:44.775] [Server thread/DEBUG] [net.minecraftforge.network.HandshakeHandler/FMLHANDSHAKE]: Sending ticking packet info 'net.minecraftforge.network.HandshakeMessages$S2CModData' to 'fml:handshake' sequence 0
[03Mar2026 00:26:44.825] [Server thread/DEBUG] [net.minecraftforge.network.HandshakeHandler/FMLHANDSHAKE]: Sending ticking packet info 'net.minecraftforge.network.HandshakeMessages$S2CModList' to 'fml:handshake' sequence 1
[03Mar2026 00:26:44.875] [Server thread/DEBUG] [net.minecraftforge.network.HandshakeHandler/FMLHANDSHAKE]: Sending ticking packet info 'Registry minecraft:command_argument_type' to 'fml:handshake' sequence 2
[03Mar2026 00:26:44.921] [Netty Epoll Server IO #2/DEBUG] [net.minecraftforge.network.LoginWrapper/FMLHANDSHAKE]: Recieved login wrapper packet event for channel fml:handshake with index 1
[03Mar2026 00:26:44.924] [Netty Epoll Server IO #2/DEBUG] [net.minecraftforge.network.HandshakeHandler/FMLHANDSHAKE]: Received client indexed reply 1 of type net.minecraftforge.network.HandshakeMessages$C2SModListReply
[03Mar2026 00:26:44.925] [Netty Epoll Server IO #2/DEBUG] [net.minecraftforge.network.HandshakeHandler/FMLHANDSHAKE]: Received client connection with modlist [radium, kuma_api, mutantmonsters, the_harvest, geckolib, playeranimator, mmorpg, connectivity, trender, sophisticatedcore, dungeon_realm, controlling, modernfix, mixinextras, sophisticatedbackpacks, ancient_obelisks, clickadv, farsight_view, balm, fusion, fpsreducer, puzzlesaccessapi, cloth_config, forge, tlskincape, sodiumdynamiclights, embeddium, rubidium, logbegone, minecraft, tenshilib, smoothchunk, okzoomer, entity_model_features, entity_texture_features, fabric_api_base, mousetweaks, nochatreports, chunky, boatiview, platform, e4mc_minecraft, born_in_chaos_v1, rottencreatures, curios, citresewn, oculus, searchables, mr_dungeons_andtaverns, entityculling, library_of_exile, immediatelyfast, ferritecore, embeddium_extra, cupboard, transition, puzzleslib, rrls, improvedmobs, yeetusexperimentus]
[03Mar2026 00:26:44.925] [Server thread/DEBUG] [net.minecraftforge.network.HandshakeHandler/FMLHANDSHAKE]: Sending ticking packet info 'Registry minecraft:recipe_serializer' to 'fml:handshake' sequence 3
[03Mar2026 00:26:44.926] [Netty Epoll Server IO #2/DEBUG] [net.minecraftforge.network.NetworkRegistry/NETREGISTRY]: Channel 'fml:loginwrapper' : Version test of 'FML3' from client : ACCEPTED
[03Mar2026 00:26:44.926] [Netty Epoll Server IO #2/DEBUG] [net.minecraftforge.network.NetworkRegistry/NETREGISTRY]: Channel 'improvedmobs:packets' : Version test of 'v1.0' from client : ACCEPTED
[03Mar2026 00:26:44.926] [Netty Epoll Server IO #2/DEBUG] [net.minecraftforge.network.NetworkRegistry/NETREGISTRY]: Channel 'forge:tier_sorting' : Version test of '1.0' from client : ACCEPTED
[03Mar2026 00:26:44.926] [Netty Epoll Server IO #2/DEBUG] [net.minecraftforge.network.NetworkRegistry/NETREGISTRY]: Channel 'library_of_exile:main' : Version test of '1' from client : ACCEPTED
[03Mar2026 00:26:44.926] [Netty Epoll Server IO #2/DEBUG] [net.minecraftforge.network.NetworkRegistry/NETREGISTRY]: Channel 'minecraft:unregister' : Version test of 'FML3' from client : ACCEPTED
[03Mar2026 00:26:44.926] [Netty Epoll Server IO #2/DEBUG] [net.minecraftforge.network.NetworkRegistry/NETREGISTRY]: Channel 'fml:play' : Version test of 'FML3' from client : ACCEPTED
[03Mar2026 00:26:44.926] [Netty Epoll Server IO #2/DEBUG] [net.minecraftforge.network.NetworkRegistry/NETREGISTRY]: Channel 'sophisticatedbackpacks:channel' : Version test of '1' from client : ACCEPTED
[03Mar2026 00:26:44.926] [Netty Epoll Server IO #2/DEBUG] [net.minecraftforge.network.NetworkRegistry/NETREGISTRY]: Channel 'puzzleslib:1' : Version test of '1' from client : ACCEPTED
[03Mar2026 00:26:44.926] [Netty Epoll Server IO #2/DEBUG] [net.minecraftforge.network.NetworkRegistry/NETREGISTRY]: Channel 'platform:networking' : Version test of '1' from client : ACCEPTED
[03Mar2026 00:26:44.926] [Netty Epoll Server IO #2/DEBUG] [net.minecraftforge.network.NetworkRegistry/NETREGISTRY]: Channel 'born_in_chaos_v1:born_in_chaos_v1' : Version test of '1' from client : ACCEPTED
[03Mar2026 00:26:44.926] [Netty Epoll Server IO #2/DEBUG] [net.minecraftforge.network.NetworkRegistry/NETREGISTRY]: Channel 'sophisticatedcore:channel' : Version test of '1' from client : ACCEPTED
[03Mar2026 00:26:44.926] [Netty Epoll Server IO #2/DEBUG] [net.minecraftforge.network.NetworkRegistry/NETREGISTRY]: Channel 'tenshilib:packets' : Version test of '1' from client : ACCEPTED
[03Mar2026 00:26:44.926] [Netty Epoll Server IO #2/DEBUG] [net.minecraftforge.network.NetworkRegistry/NETREGISTRY]: Channel 'mmorpg:main' : Version test of '1' from client : ACCEPTED
[03Mar2026 00:26:44.926] [Netty Epoll Server IO #2/DEBUG] [net.minecraftforge.network.NetworkRegistry/NETREGISTRY]: Channel 'fml:handshake' : Version test of 'FML3' from client : ACCEPTED
[03Mar2026 00:26:44.926] [Netty Epoll Server IO #2/DEBUG] [net.minecraftforge.network.NetworkRegistry/NETREGISTRY]: Channel 'curios:main' : Version test of '1' from client : ACCEPTED
[03Mar2026 00:26:44.926] [Netty Epoll Server IO #2/DEBUG] [net.minecraftforge.network.NetworkRegistry/NETREGISTRY]: Channel 'mutantmonsters:1' : Version test of '1' from client : ACCEPTED
[03Mar2026 00:26:44.926] [Netty Epoll Server IO #2/DEBUG] [net.minecraftforge.network.NetworkRegistry/NETREGISTRY]: Channel 'minecraft:register' : Version test of 'FML3' from client : ACCEPTED
[03Mar2026 00:26:44.926] [Netty Epoll Server IO #2/DEBUG] [net.minecraftforge.network.NetworkRegistry/NETREGISTRY]: Channel 'forge:split' : Version test of '1.1' from client : ACCEPTED
[03Mar2026 00:26:44.926] [Netty Epoll Server IO #2/DEBUG] [net.minecraftforge.network.NetworkRegistry/NETREGISTRY]: Channel 'geckolib:main' : Version test of '1' from client : ACCEPTED
[03Mar2026 00:26:44.926] [Netty Epoll Server IO #2/DEBUG] [net.minecraftforge.network.NetworkRegistry/NETREGISTRY]: Accepting channel list from client
[03Mar2026 00:26:44.927] [Netty Epoll Server IO #2/DEBUG] [net.minecraftforge.network.HandshakeHandler/FMLHANDSHAKE]: Accepted client connection mod list
[03Mar2026 00:26:44.968] [Netty Epoll Server IO #2/DEBUG] [net.minecraftforge.network.LoginWrapper/FMLHANDSHAKE]: Recieved login wrapper packet event for channel fml:handshake with index 2
[03Mar2026 00:26:44.968] [Netty Epoll Server IO #2/DEBUG] [net.minecraftforge.network.HandshakeHandler/FMLHANDSHAKE]: Received client indexed reply 2 of type net.minecraftforge.network.HandshakeMessages$C2SAcknowledge
[03Mar2026 00:26:44.968] [Netty Epoll Server IO #2/DEBUG] [net.minecraftforge.network.HandshakeHandler/FMLHANDSHAKE]: Received acknowledgement from client
[03Mar2026 00:26:44.975] [Server thread/DEBUG] [net.minecraftforge.network.HandshakeHandler/FMLHANDSHAKE]: Sending ticking packet info 'Registry minecraft:sound_event' to 'fml:handshake' sequence 4
[03Mar2026 00:26:45.015] [Netty Epoll Server IO #2/DEBUG] [net.minecraftforge.network.LoginWrapper/FMLHANDSHAKE]: Recieved login wrapper packet event for channel fml:handshake with index 3
[03Mar2026 00:26:45.015] [Netty Epoll Server IO #2/DEBUG] [net.minecraftforge.network.HandshakeHandler/FMLHANDSHAKE]: Received client indexed reply 3 of type net.minecraftforge.network.HandshakeMessages$C2SAcknowledge
[03Mar2026 00:26:45.015] [Netty Epoll Server IO #2/DEBUG] [net.minecraftforge.network.HandshakeHandler/FMLHANDSHAKE]: Received acknowledgement from client
[03Mar2026 00:26:45.025] [Server thread/DEBUG] [net.minecraftforge.network.HandshakeHandler/FMLHANDSHAKE]: Sending ticking packet info 'Registry minecraft:particle_type' to 'fml:handshake' sequence 5
[03Mar2026 00:26:45.075] [Server thread/DEBUG] [net.minecraftforge.network.HandshakeHandler/FMLHANDSHAKE]: Sending ticking packet info 'Registry minecraft:villager_profession' to 'fml:handshake' sequence 6
[03Mar2026 00:26:45.125] [Server thread/DEBUG] [net.minecraftforge.network.HandshakeHandler/FMLHANDSHAKE]: Sending ticking packet info 'Registry minecraft:item' to 'fml:handshake' sequence 7
[03Mar2026 00:26:45.175] [Server thread/DEBUG] [net.minecraftforge.network.HandshakeHandler/FMLHANDSHAKE]: Sending ticking packet info 'Registry minecraft:potion' to 'fml:handshake' sequence 8
[03Mar2026 00:26:45.225] [Server thread/DEBUG] [net.minecraftforge.network.HandshakeHandler/FMLHANDSHAKE]: Sending ticking packet info 'Registry minecraft:painting_variant' to 'fml:handshake' sequence 9
[03Mar2026 00:26:45.247] [Netty Epoll Server IO #2/DEBUG] [net.minecraftforge.network.LoginWrapper/FMLHANDSHAKE]: Recieved login wrapper packet event for channel fml:handshake with index 4
[03Mar2026 00:26:45.247] [Netty Epoll Server IO #2/DEBUG] [net.minecraftforge.network.HandshakeHandler/FMLHANDSHAKE]: Received client indexed reply 4 of type net.minecraftforge.network.HandshakeMessages$C2SAcknowledge
[03Mar2026 00:26:45.247] [Netty Epoll Server IO #2/DEBUG] [net.minecraftforge.network.HandshakeHandler/FMLHANDSHAKE]: Received acknowledgement from client
[03Mar2026 00:26:45.248] [Netty Epoll Server IO #2/DEBUG] [net.minecraftforge.network.LoginWrapper/FMLHANDSHAKE]: Recieved login wrapper packet event for channel fml:handshake with index 5
[03Mar2026 00:26:45.248] [Netty Epoll Server IO #2/DEBUG] [net.minecraftforge.network.HandshakeHandler/FMLHANDSHAKE]: Received client indexed reply 5 of type net.minecraftforge.network.HandshakeMessages$C2SAcknowledge
[03Mar2026 00:26:45.248] [Netty Epoll Server IO #2/DEBUG] [net.minecraftforge.network.HandshakeHandler/FMLHANDSHAKE]: Received acknowledgement from client
[03Mar2026 00:26:45.248] [Netty Epoll Server IO #2/DEBUG] [net.minecraftforge.network.LoginWrapper/FMLHANDSHAKE]: Recieved login wrapper packet event for channel fml:handshake with index 6
[03Mar2026 00:26:45.248] [Netty Epoll Server IO #2/DEBUG] [net.minecraftforge.network.HandshakeHandler/FMLHANDSHAKE]: Received client indexed reply 6 of type net.minecraftforge.network.HandshakeMessages$C2SAcknowledge
[03Mar2026 00:26:45.249] [Netty Epoll Server IO #2/DEBUG] [net.minecraftforge.network.HandshakeHandler/FMLHANDSHAKE]: Received acknowledgement from client
[03Mar2026 00:26:45.275] [Server thread/DEBUG] [net.minecraftforge.network.HandshakeHandler/FMLHANDSHAKE]: Sending ticking packet info 'Registry forge:fluid_type' to 'fml:handshake' sequence 10
[03Mar2026 00:26:45.323] [Netty Epoll Server IO #2/DEBUG] [net.minecraftforge.network.LoginWrapper/FMLHANDSHAKE]: Recieved login wrapper packet event for channel fml:handshake with index 7
[03Mar2026 00:26:45.323] [Netty Epoll Server IO #2/DEBUG] [net.minecraftforge.network.HandshakeHandler/FMLHANDSHAKE]: Received client indexed reply 7 of type net.minecraftforge.network.HandshakeMessages$C2SAcknowledge
[03Mar2026 00:26:45.323] [Netty Epoll Server IO #2/DEBUG] [net.minecraftforge.network.HandshakeHandler/FMLHANDSHAKE]: Received acknowledgement from client
[03Mar2026 00:26:45.323] [Netty Epoll Server IO #2/DEBUG] [net.minecraftforge.network.LoginWrapper/FMLHANDSHAKE]: Recieved login wrapper packet event for channel fml:handshake with index 8
[03Mar2026 00:26:45.323] [Netty Epoll Server IO #2/DEBUG] [net.minecraftforge.network.HandshakeHandler/FMLHANDSHAKE]: Received client indexed reply 8 of type net.minecraftforge.network.HandshakeMessages$C2SAcknowledge
[03Mar2026 00:26:45.324] [Netty Epoll Server IO #2/DEBUG] [net.minecraftforge.network.HandshakeHandler/FMLHANDSHAKE]: Received acknowledgement from client
[03Mar2026 00:26:45.324] [Netty Epoll Server IO #2/DEBUG] [net.minecraftforge.network.LoginWrapper/FMLHANDSHAKE]: Recieved login wrapper packet event for channel fml:handshake with index 9
[03Mar2026 00:26:45.324] [Netty Epoll Server IO #2/DEBUG] [net.minecraftforge.network.HandshakeHandler/FMLHANDSHAKE]: Received client indexed reply 9 of type net.minecraftforge.network.HandshakeMessages$C2SAcknowledge
[03Mar2026 00:26:45.324] [Netty Epoll Server IO #2/DEBUG] [net.minecraftforge.network.HandshakeHandler/FMLHANDSHAKE]: Received acknowledgement from client
[03Mar2026 00:26:45.325] [Server thread/DEBUG] [net.minecraftforge.network.HandshakeHandler/FMLHANDSHAKE]: Sending ticking packet info 'Registry minecraft:block_entity_type' to 'fml:handshake' sequence 11
[03Mar2026 00:26:45.363] [Netty Epoll Server IO #2/DEBUG] [net.minecraftforge.network.LoginWrapper/FMLHANDSHAKE]: Recieved login wrapper packet event for channel fml:handshake with index 10
[03Mar2026 00:26:45.363] [Netty Epoll Server IO #2/DEBUG] [net.minecraftforge.network.HandshakeHandler/FMLHANDSHAKE]: Received client indexed reply 10 of type net.minecraftforge.network.HandshakeMessages$C2SAcknowledge
[03Mar2026 00:26:45.363] [Netty Epoll Server IO #2/DEBUG] [net.minecraftforge.network.HandshakeHandler/FMLHANDSHAKE]: Received acknowledgement from client
[03Mar2026 00:26:45.375] [Server thread/DEBUG] [net.minecraftforge.network.HandshakeHandler/FMLHANDSHAKE]: Sending ticking packet info 'Registry forge:display_contexts' to 'fml:handshake' sequence 12
[03Mar2026 00:26:45.412] [Netty Epoll Server IO #2/DEBUG] [net.minecraftforge.network.LoginWrapper/FMLHANDSHAKE]: Recieved login wrapper packet event for channel fml:handshake with index 11
[03Mar2026 00:26:45.412] [Netty Epoll Server IO #2/DEBUG] [net.minecraftforge.network.HandshakeHandler/FMLHANDSHAKE]: Received client indexed reply 11 of type net.minecraftforge.network.HandshakeMessages$C2SAcknowledge
[03Mar2026 00:26:45.412] [Netty Epoll Server IO #2/DEBUG] [net.minecraftforge.network.HandshakeHandler/FMLHANDSHAKE]: Received acknowledgement from client
[03Mar2026 00:26:45.425] [Server thread/DEBUG] [net.minecraftforge.network.HandshakeHandler/FMLHANDSHAKE]: Sending ticking packet info 'Registry minecraft:block' to 'fml:handshake' sequence 13
[03Mar2026 00:26:45.462] [Netty Epoll Server IO #2/DEBUG] [net.minecraftforge.network.LoginWrapper/FMLHANDSHAKE]: Recieved login wrapper packet event for channel fml:handshake with index 12
[03Mar2026 00:26:45.463] [Netty Epoll Server IO #2/DEBUG] [net.minecraftforge.network.HandshakeHandler/FMLHANDSHAKE]: Received client indexed reply 12 of type net.minecraftforge.network.HandshakeMessages$C2SAcknowledge
[03Mar2026 00:26:45.463] [Netty Epoll Server IO #2/DEBUG] [net.minecraftforge.network.HandshakeHandler/FMLHANDSHAKE]: Received acknowledgement from client
[03Mar2026 00:26:45.475] [Server thread/DEBUG] [net.minecraftforge.network.HandshakeHandler/FMLHANDSHAKE]: Sending ticking packet info 'Registry forge:entity_data_serializers' to 'fml:handshake' sequence 14
[03Mar2026 00:26:45.516] [Netty Epoll Server IO #2/DEBUG] [net.minecraftforge.network.LoginWrapper/FMLHANDSHAKE]: Recieved login wrapper packet event for channel fml:handshake with index 13
[03Mar2026 00:26:45.516] [Netty Epoll Server IO #2/DEBUG] [net.minecraftforge.network.HandshakeHandler/FMLHANDSHAKE]: Received client indexed reply 13 of type net.minecraftforge.network.HandshakeMessages$C2SAcknowledge
[03Mar2026 00:26:45.516] [Netty Epoll Server IO #2/DEBUG] [net.minecraftforge.network.HandshakeHandler/FMLHANDSHAKE]: Received acknowledgement from client
[03Mar2026 00:26:45.525] [Server thread/DEBUG] [net.minecraftforge.network.HandshakeHandler/FMLHANDSHAKE]: Sending ticking packet info 'Registry minecraft:mob_effect' to 'fml:handshake' sequence 15
[03Mar2026 00:26:45.562] [Netty Epoll Server IO #2/DEBUG] [net.minecraftforge.network.LoginWrapper/FMLHANDSHAKE]: Recieved login wrapper packet event for channel fml:handshake with index 14
[03Mar2026 00:26:45.562] [Netty Epoll Server IO #2/DEBUG] [net.minecraftforge.network.HandshakeHandler/FMLHANDSHAKE]: Received client indexed reply 14 of type net.minecraftforge.network.HandshakeMessages$C2SAcknowledge
[03Mar2026 00:26:45.563] [Netty Epoll Server IO #2/DEBUG] [net.minecraftforge.network.HandshakeHandler/FMLHANDSHAKE]: Received acknowledgement from client
[03Mar2026 00:26:45.575] [Server thread/DEBUG] [net.minecraftforge.network.HandshakeHandler/FMLHANDSHAKE]: Sending ticking packet info 'Registry minecraft:stat_type' to 'fml:handshake' sequence 16
[03Mar2026 00:26:45.612] [Netty Epoll Server IO #2/DEBUG] [net.minecraftforge.network.LoginWrapper/FMLHANDSHAKE]: Recieved login wrapper packet event for channel fml:handshake with index 15
[03Mar2026 00:26:45.612] [Netty Epoll Server IO #2/DEBUG] [net.minecraftforge.network.HandshakeHandler/FMLHANDSHAKE]: Received client indexed reply 15 of type net.minecraftforge.network.HandshakeMessages$C2SAcknowledge
[03Mar2026 00:26:45.613] [Netty Epoll Server IO #2/DEBUG] [net.minecraftforge.network.HandshakeHandler/FMLHANDSHAKE]: Received acknowledgement from client
[03Mar2026 00:26:45.625] [Server thread/DEBUG] [net.minecraftforge.network.HandshakeHandler/FMLHANDSHAKE]: Sending ticking packet info 'Registry minecraft:menu' to 'fml:handshake' sequence 17
[03Mar2026 00:26:45.663] [Netty Epoll Server IO #2/DEBUG] [net.minecraftforge.network.LoginWrapper/FMLHANDSHAKE]: Recieved login wrapper packet event for channel fml:handshake with index 16
[03Mar2026 00:26:45.664] [Netty Epoll Server IO #2/DEBUG] [net.minecraftforge.network.HandshakeHandler/FMLHANDSHAKE]: Received client indexed reply 16 of type net.minecraftforge.network.HandshakeMessages$C2SAcknowledge
[03Mar2026 00:26:45.664] [Netty Epoll Server IO #2/DEBUG] [net.minecraftforge.network.HandshakeHandler/FMLHANDSHAKE]: Received acknowledgement from client
[03Mar2026 00:26:45.675] [Server thread/DEBUG] [net.minecraftforge.network.HandshakeHandler/FMLHANDSHAKE]: Sending ticking packet info 'Registry minecraft:enchantment' to 'fml:handshake' sequence 18
[03Mar2026 00:26:45.712] [Netty Epoll Server IO #2/DEBUG] [net.minecraftforge.network.LoginWrapper/FMLHANDSHAKE]: Recieved login wrapper packet event for channel fml:handshake with index 17
[03Mar2026 00:26:45.712] [Netty Epoll Server IO #2/DEBUG] [net.minecraftforge.network.HandshakeHandler/FMLHANDSHAKE]: Received client indexed reply 17 of type net.minecraftforge.network.HandshakeMessages$C2SAcknowledge
[03Mar2026 00:26:45.712] [Netty Epoll Server IO #2/DEBUG] [net.minecraftforge.network.HandshakeHandler/FMLHANDSHAKE]: Received acknowledgement from client
[03Mar2026 00:26:45.725] [Server thread/DEBUG] [net.minecraftforge.network.HandshakeHandler/FMLHANDSHAKE]: Sending ticking packet info 'Registry minecraft:fluid' to 'fml:handshake' sequence 19
[03Mar2026 00:26:45.762] [Netty Epoll Server IO #2/DEBUG] [net.minecraftforge.network.LoginWrapper/FMLHANDSHAKE]: Recieved login wrapper packet event for channel fml:handshake with index 18
[03Mar2026 00:26:45.763] [Netty Epoll Server IO #2/DEBUG] [net.minecraftforge.network.HandshakeHandler/FMLHANDSHAKE]: Received client indexed reply 18 of type net.minecraftforge.network.HandshakeMessages$C2SAcknowledge
[03Mar2026 00:26:45.763] [Netty Epoll Server IO #2/DEBUG] [net.minecraftforge.network.HandshakeHandler/FMLHANDSHAKE]: Received acknowledgement from client
[03Mar2026 00:26:45.775] [Server thread/DEBUG] [net.minecraftforge.network.HandshakeHandler/FMLHANDSHAKE]: Sending ticking packet info 'Registry minecraft:entity_type' to 'fml:handshake' sequence 20
[03Mar2026 00:26:45.812] [Netty Epoll Server IO #2/DEBUG] [net.minecraftforge.network.LoginWrapper/FMLHANDSHAKE]: Recieved login wrapper packet event for channel fml:handshake with index 19
[03Mar2026 00:26:45.812] [Netty Epoll Server IO #2/DEBUG] [net.minecraftforge.network.HandshakeHandler/FMLHANDSHAKE]: Received client indexed reply 19 of type net.minecraftforge.network.HandshakeMessages$C2SAcknowledge
[03Mar2026 00:26:45.812] [Netty Epoll Server IO #2/DEBUG] [net.minecraftforge.network.HandshakeHandler/FMLHANDSHAKE]: Received acknowledgement from client
[03Mar2026 00:26:45.825] [Server thread/DEBUG] [net.minecraftforge.network.HandshakeHandler/FMLHANDSHAKE]: Sending ticking packet info 'Config curios-server.toml' to 'fml:handshake' sequence 21
[03Mar2026 00:26:45.875] [Server thread/DEBUG] [net.minecraftforge.network.HandshakeHandler/FMLHANDSHAKE]: Sending ticking packet info 'Config dungeon_realm-server.toml' to 'fml:handshake' sequence 22
[03Mar2026 00:26:45.925] [Server thread/DEBUG] [net.minecraftforge.network.HandshakeHandler/FMLHANDSHAKE]: Sending ticking packet info 'Config mine_and_slash_compatibility-server.toml' to 'fml:handshake' sequence 23
[03Mar2026 00:26:45.961] [Netty Epoll Server IO #2/DEBUG] [net.minecraftforge.network.LoginWrapper/FMLHANDSHAKE]: Recieved login wrapper packet event for channel fml:handshake with index 20
[03Mar2026 00:26:45.961] [Netty Epoll Server IO #2/DEBUG] [net.minecraftforge.network.HandshakeHandler/FMLHANDSHAKE]: Received client indexed reply 20 of type net.minecraftforge.network.HandshakeMessages$C2SAcknowledge
[03Mar2026 00:26:45.961] [Netty Epoll Server IO #2/DEBUG] [net.minecraftforge.network.HandshakeHandler/FMLHANDSHAKE]: Received acknowledgement from client
[03Mar2026 00:26:45.963] [Netty Epoll Server IO #2/DEBUG] [net.minecraftforge.network.LoginWrapper/FMLHANDSHAKE]: Recieved login wrapper packet event for channel fml:handshake with index 21
[03Mar2026 00:26:45.963] [Netty Epoll Server IO #2/DEBUG] [net.minecraftforge.network.HandshakeHandler/FMLHANDSHAKE]: Received client indexed reply 21 of type net.minecraftforge.network.HandshakeMessages$C2SAcknowledge
[03Mar2026 00:26:45.963] [Netty Epoll Server IO #2/DEBUG] [net.minecraftforge.network.HandshakeHandler/FMLHANDSHAKE]: Received acknowledgement from client
[03Mar2026 00:26:45.964] [Netty Epoll Server IO #2/DEBUG] [net.minecraftforge.network.LoginWrapper/FMLHANDSHAKE]: Recieved login wrapper packet event for channel fml:handshake with index 22
[03Mar2026 00:26:45.964] [Netty Epoll Server IO #2/DEBUG] [net.minecraftforge.network.HandshakeHandler/FMLHANDSHAKE]: Received client indexed reply 22 of type net.minecraftforge.network.HandshakeMessages$C2SAcknowledge
[03Mar2026 00:26:45.964] [Netty Epoll Server IO #2/DEBUG] [net.minecraftforge.network.HandshakeHandler/FMLHANDSHAKE]: Received acknowledgement from client
[03Mar2026 00:26:45.975] [Server thread/DEBUG] [net.minecraftforge.network.HandshakeHandler/FMLHANDSHAKE]: Sending ticking packet info 'Config ancient_obelisks_dimension-server.toml' to 'fml:handshake' sequence 24
[03Mar2026 00:26:46.012] [Netty Epoll Server IO #2/DEBUG] [net.minecraftforge.network.LoginWrapper/FMLHANDSHAKE]: Recieved login wrapper packet event for channel fml:handshake with index 23
[03Mar2026 00:26:46.012] [Netty Epoll Server IO #2/DEBUG] [net.minecraftforge.network.HandshakeHandler/FMLHANDSHAKE]: Received client indexed reply 23 of type net.minecraftforge.network.HandshakeMessages$C2SAcknowledge
[03Mar2026 00:26:46.012] [Netty Epoll Server IO #2/DEBUG] [net.minecraftforge.network.HandshakeHandler/FMLHANDSHAKE]: Received acknowledgement from client
[03Mar2026 00:26:46.025] [Server thread/DEBUG] [net.minecraftforge.network.HandshakeHandler/FMLHANDSHAKE]: Sending ticking packet info 'Config the_harvest-server.toml' to 'fml:handshake' sequence 25
[03Mar2026 00:26:46.061] [Netty Epoll Server IO #2/DEBUG] [net.minecraftforge.network.LoginWrapper/FMLHANDSHAKE]: Recieved login wrapper packet event for channel fml:handshake with index 24
[03Mar2026 00:26:46.061] [Netty Epoll Server IO #2/DEBUG] [net.minecraftforge.network.HandshakeHandler/FMLHANDSHAKE]: Received client indexed reply 24 of type net.minecraftforge.network.HandshakeMessages$C2SAcknowledge
[03Mar2026 00:26:46.061] [Netty Epoll Server IO #2/DEBUG] [net.minecraftforge.network.HandshakeHandler/FMLHANDSHAKE]: Received acknowledgement from client
[03Mar2026 00:26:46.075] [Server thread/DEBUG] [net.minecraftforge.network.HandshakeHandler/FMLHANDSHAKE]: Sending ticking packet info 'Config ancient_obelisks-server.toml' to 'fml:handshake' sequence 26
[03Mar2026 00:26:46.111] [Netty Epoll Server IO #2/DEBUG] [net.minecraftforge.network.LoginWrapper/FMLHANDSHAKE]: Recieved login wrapper packet event for channel fml:handshake with index 25
[03Mar2026 00:26:46.112] [Netty Epoll Server IO #2/DEBUG] [net.minecraftforge.network.HandshakeHandler/FMLHANDSHAKE]: Received client indexed reply 25 of type net.minecraftforge.network.HandshakeMessages$C2SAcknowledge
[03Mar2026 00:26:46.112] [Netty Epoll Server IO #2/DEBUG] [net.minecraftforge.network.HandshakeHandler/FMLHANDSHAKE]: Received acknowledgement from client
[03Mar2026 00:26:46.125] [Server thread/DEBUG] [net.minecraftforge.network.HandshakeHandler/FMLHANDSHAKE]: Sending ticking packet info 'Config sophisticatedbackpacks-server.toml' to 'fml:handshake' sequence 27
[03Mar2026 00:26:46.162] [Netty Epoll Server IO #2/DEBUG] [net.minecraftforge.network.LoginWrapper/FMLHANDSHAKE]: Recieved login wrapper packet event for channel fml:handshake with index 26
[03Mar2026 00:26:46.162] [Netty Epoll Server IO #2/DEBUG] [net.minecraftforge.network.HandshakeHandler/FMLHANDSHAKE]: Received client indexed reply 26 of type net.minecraftforge.network.HandshakeMessages$C2SAcknowledge
[03Mar2026 00:26:46.162] [Netty Epoll Server IO #2/DEBUG] [net.minecraftforge.network.HandshakeHandler/FMLHANDSHAKE]: Received acknowledgement from client
[03Mar2026 00:26:46.175] [Server thread/DEBUG] [net.minecraftforge.network.HandshakeHandler/FMLHANDSHAKE]: Sending ticking packet info 'Config mine_and_slash-server.toml' to 'fml:handshake' sequence 28
[03Mar2026 00:26:46.215] [Netty Epoll Server IO #2/DEBUG] [net.minecraftforge.network.LoginWrapper/FMLHANDSHAKE]: Recieved login wrapper packet event for channel fml:handshake with index 27
[03Mar2026 00:26:46.216] [Netty Epoll Server IO #2/DEBUG] [net.minecraftforge.network.HandshakeHandler/FMLHANDSHAKE]: Received client indexed reply 27 of type net.minecraftforge.network.HandshakeMessages$C2SAcknowledge
[03Mar2026 00:26:46.216] [Netty Epoll Server IO #2/DEBUG] [net.minecraftforge.network.HandshakeHandler/FMLHANDSHAKE]: Received acknowledgement from client
[03Mar2026 00:26:46.225] [Server thread/DEBUG] [net.minecraftforge.network.HandshakeHandler/FMLHANDSHAKE]: Sending ticking packet info 'Config mutantmonsters-server.toml' to 'fml:handshake' sequence 29
[03Mar2026 00:26:46.264] [Netty Epoll Server IO #2/DEBUG] [net.minecraftforge.network.LoginWrapper/FMLHANDSHAKE]: Recieved login wrapper packet event for channel fml:handshake with index 28
[03Mar2026 00:26:46.264] [Netty Epoll Server IO #2/DEBUG] [net.minecraftforge.network.HandshakeHandler/FMLHANDSHAKE]: Received client indexed reply 28 of type net.minecraftforge.network.HandshakeMessages$C2SAcknowledge
[03Mar2026 00:26:46.264] [Netty Epoll Server IO #2/DEBUG] [net.minecraftforge.network.HandshakeHandler/FMLHANDSHAKE]: Received acknowledgement from client
[03Mar2026 00:26:46.275] [Server thread/DEBUG] [net.minecraftforge.network.HandshakeHandler/FMLHANDSHAKE]: Sending ticking packet info 'Config the_harvest_dimension-server.toml' to 'fml:handshake' sequence 30
[03Mar2026 00:26:46.320] [Netty Epoll Server IO #2/DEBUG] [net.minecraftforge.network.LoginWrapper/FMLHANDSHAKE]: Recieved login wrapper packet event for channel fml:handshake with index 29
[03Mar2026 00:26:46.320] [Netty Epoll Server IO #2/DEBUG] [net.minecraftforge.network.HandshakeHandler/FMLHANDSHAKE]: Received client indexed reply 29 of type net.minecraftforge.network.HandshakeMessages$C2SAcknowledge
[03Mar2026 00:26:46.321] [Netty Epoll Server IO #2/DEBUG] [net.minecraftforge.network.HandshakeHandler/FMLHANDSHAKE]: Received acknowledgement from client
[03Mar2026 00:26:46.325] [Server thread/DEBUG] [net.minecraftforge.network.HandshakeHandler/FMLHANDSHAKE]: Sending ticking packet info 'Config dungeon_realm_dimension-server.toml' to 'fml:handshake' sequence 31
[03Mar2026 00:26:46.361] [Netty Epoll Server IO #2/DEBUG] [net.minecraftforge.network.LoginWrapper/FMLHANDSHAKE]: Recieved login wrapper packet event for channel fml:handshake with index 30
[03Mar2026 00:26:46.362] [Netty Epoll Server IO #2/DEBUG] [net.minecraftforge.network.HandshakeHandler/FMLHANDSHAKE]: Received client indexed reply 30 of type net.minecraftforge.network.HandshakeMessages$C2SAcknowledge
[03Mar2026 00:26:46.362] [Netty Epoll Server IO #2/DEBUG] [net.minecraftforge.network.HandshakeHandler/FMLHANDSHAKE]: Received acknowledgement from client
[03Mar2026 00:26:46.375] [Server thread/DEBUG] [net.minecraftforge.network.HandshakeHandler/FMLHANDSHAKE]: Sending ticking packet info 'Config forge-server.toml' to 'fml:handshake' sequence 32
[03Mar2026 00:26:46.411] [Netty Epoll Server IO #2/DEBUG] [net.minecraftforge.network.LoginWrapper/FMLHANDSHAKE]: Recieved login wrapper packet event for channel fml:handshake with index 31
[03Mar2026 00:26:46.411] [Netty Epoll Server IO #2/DEBUG] [net.minecraftforge.network.HandshakeHandler/FMLHANDSHAKE]: Received client indexed reply 31 of type net.minecraftforge.network.HandshakeMessages$C2SAcknowledge
[03Mar2026 00:26:46.411] [Netty Epoll Server IO #2/DEBUG] [net.minecraftforge.network.HandshakeHandler/FMLHANDSHAKE]: Received acknowledgement from client
[03Mar2026 00:26:46.461] [Netty Epoll Server IO #2/DEBUG] [net.minecraftforge.network.LoginWrapper/FMLHANDSHAKE]: Recieved login wrapper packet event for channel fml:handshake with index 32
[03Mar2026 00:26:46.462] [Netty Epoll Server IO #2/DEBUG] [net.minecraftforge.network.HandshakeHandler/FMLHANDSHAKE]: Received client indexed reply 32 of type net.minecraftforge.network.HandshakeMessages$C2SAcknowledge
[03Mar2026 00:26:46.462] [Netty Epoll Server IO #2/DEBUG] [net.minecraftforge.network.HandshakeHandler/FMLHANDSHAKE]: Received acknowledgement from client
[03Mar2026 00:26:46.475] [Server thread/DEBUG] [net.minecraftforge.network.HandshakeHandler/FMLHANDSHAKE]: Handshake complete!
[03Mar2026 00:26:46.562] [Server thread/WARN] [net.minecraft.stats.ServerStatsCounter/]: Invalid statistic in ./world/stats/d5570fa5-1f5e-3a33-9856-fd2b73abab90.json: Don't know what tacz:workbench_a is
[03Mar2026 00:26:46.563] [Server thread/WARN] [net.minecraft.stats.ServerStatsCounter/]: Invalid statistic in ./world/stats/d5570fa5-1f5e-3a33-9856-fd2b73abab90.json: Don't know what tacz:ammo_box is
[03Mar2026 00:26:46.563] [Server thread/WARN] [net.minecraft.stats.ServerStatsCounter/]: Invalid statistic in ./world/stats/d5570fa5-1f5e-3a33-9856-fd2b73abab90.json: Don't know what tacz:modern_kinetic_gun is
[03Mar2026 00:26:46.564] [Server thread/WARN] [net.minecraft.stats.ServerStatsCounter/]: Invalid statistic in ./world/stats/d5570fa5-1f5e-3a33-9856-fd2b73abab90.json: Don't know what tacz:ammo is
[03Mar2026 00:26:46.564] [Server thread/WARN] [net.minecraft.stats.ServerStatsCounter/]: Invalid statistic in ./world/stats/d5570fa5-1f5e-3a33-9856-fd2b73abab90.json: Don't know what tacz:workbench_a is
[03Mar2026 00:26:46.565] [Server thread/WARN] [net.minecraft.stats.ServerStatsCounter/]: Invalid statistic in ./world/stats/d5570fa5-1f5e-3a33-9856-fd2b73abab90.json: Don't know what tacz:modern_kinetic_gun is
[03Mar2026 00:26:46.565] [Server thread/WARN] [net.minecraft.stats.ServerStatsCounter/]: Invalid statistic in ./world/stats/d5570fa5-1f5e-3a33-9856-fd2b73abab90.json: Don't know what tacz:gun_smith_table is
[03Mar2026 00:26:46.566] [Server thread/WARN] [net.minecraft.stats.ServerStatsCounter/]: Invalid statistic in ./world/stats/d5570fa5-1f5e-3a33-9856-fd2b73abab90.json: Don't know what tacz:ammo_box is
[03Mar2026 00:26:46.566] [Server thread/WARN] [net.minecraft.stats.ServerStatsCounter/]: Invalid statistic in ./world/stats/d5570fa5-1f5e-3a33-9856-fd2b73abab90.json: Don't know what tacz:gun_smith_table is
[03Mar2026 00:26:46.567] [Server thread/WARN] [net.minecraft.stats.ServerStatsCounter/]: Invalid statistic in ./world/stats/d5570fa5-1f5e-3a33-9856-fd2b73abab90.json: Don't know what tacz:workbench_a is
[03Mar2026 00:26:46.567] [Server thread/WARN] [net.minecraft.stats.ServerStatsCounter/]: Invalid statistic in ./world/stats/d5570fa5-1f5e-3a33-9856-fd2b73abab90.json: Don't know what tacz:gun_smith_table is
[03Mar2026 00:26:46.568] [Server thread/WARN] [net.minecraft.stats.ServerStatsCounter/]: Invalid statistic in ./world/stats/d5570fa5-1f5e-3a33-9856-fd2b73abab90.json: Don't know what tacz:workbench_a is
[03Mar2026 00:26:46.628] [Server thread/ERROR] [net.minecraft.stats.ServerRecipeBook/]: Tried to load unrecognized recipe: tacz:diamond_ammo_box removed now.
[03Mar2026 00:26:46.628] [Server thread/ERROR] [net.minecraft.stats.ServerRecipeBook/]: Tried to load unrecognized recipe: tacz:iron_ammo_box removed now.
[03Mar2026 00:26:46.629] [Server thread/ERROR] [net.minecraft.stats.ServerRecipeBook/]: Tried to load unrecognized recipe: tacz:ammo_workbench removed now.
[03Mar2026 00:26:46.629] [Server thread/ERROR] [net.minecraft.stats.ServerRecipeBook/]: Tried to load unrecognized recipe: tacz:diamond_ammo_box removed now.
[03Mar2026 00:26:46.630] [Server thread/ERROR] [net.minecraft.stats.ServerRecipeBook/]: Tried to load unrecognized recipe: tacz:iron_ammo_box removed now.
[03Mar2026 00:26:46.632] [Server thread/INFO] [net.minecraft.server.players.PlayerList/]: JeremyXfn[/127.126.112.193:51731] logged in with entity id 138 at (136.1372783957175, -16.0, 96.54460583558941)
[03Mar2026 00:26:46.642] [Server thread/DEBUG] [net.minecraftforge.network.filters.NetworkFilters/]: Injected net.minecraftforge.network.filters.ForgeConnectionNetworkFilter@3a3112ba into net.minecraft.network.Connection@1605eab6
[03Mar2026 00:26:46.812] [Server thread/INFO] [net.minecraft.server.MinecraftServer/]: JeremyXfn joined the game
[03Mar2026 00:26:46.971] [Server thread/DEBUG] [io.netty.util.internal.ThreadLocalRandom/]: -Dio.netty.initialSeedUniquifier: 0x395b2f81a2d72f2a
[03Mar2026 00:27:12.792] [Server thread/DEBUG] [mixin/]: Mixing MixinPiglinAi from curios.mixins.json into net.minecraft.world.entity.monster.piglin.PiglinAi
[03Mar2026 00:28:07.386] [Server thread/INFO] [net.minecraft.server.MinecraftServer/]: [JeremyXfn: Gave 1 [Iron Pickaxe] to JeremyXfn]
[03Mar2026 00:29:06.363] [Netty Epoll Server IO #5/DEBUG] [net.minecraftforge.network.HandshakeHandler/FMLHANDSHAKE]: Starting new modded impl connection. Found 33 messages to dispatch.
[03Mar2026 00:29:06.482] [Server thread/DEBUG] [net.minecraftforge.network.HandshakeHandler/FMLHANDSHAKE]: Sending ticking packet info 'net.minecraftforge.network.HandshakeMessages$S2CModData' to 'fml:handshake' sequence 0
[03Mar2026 00:29:06.532] [Server thread/DEBUG] [net.minecraftforge.network.HandshakeHandler/FMLHANDSHAKE]: Sending ticking packet info 'net.minecraftforge.network.HandshakeMessages$S2CModList' to 'fml:handshake' sequence 1
[03Mar2026 00:29:06.584] [Server thread/DEBUG] [net.minecraftforge.network.HandshakeHandler/FMLHANDSHAKE]: Sending ticking packet info 'Registry minecraft:command_argument_type' to 'fml:handshake' sequence 2
[03Mar2026 00:29:06.643] [Server thread/DEBUG] [net.minecraftforge.network.HandshakeHandler/FMLHANDSHAKE]: Sending ticking packet info 'Registry minecraft:recipe_serializer' to 'fml:handshake' sequence 3
[03Mar2026 00:29:06.664] [Netty Epoll Server IO #5/DEBUG] [net.minecraftforge.network.LoginWrapper/FMLHANDSHAKE]: Recieved login wrapper packet event for channel fml:handshake with index 1
[03Mar2026 00:29:06.665] [Netty Epoll Server IO #5/DEBUG] [net.minecraftforge.network.HandshakeHandler/FMLHANDSHAKE]: Received client indexed reply 1 of type net.minecraftforge.network.HandshakeMessages$C2SModListReply
[03Mar2026 00:29:06.665] [Netty Epoll Server IO #5/DEBUG] [net.minecraftforge.network.HandshakeHandler/FMLHANDSHAKE]: Received client connection with modlist [radium, kuma_api, mutantmonsters, the_harvest, geckolib, playeranimator, mmorpg, connectivity, trender, sophisticatedcore, dungeon_realm, controlling, modernfix, mixinextras, sophisticatedbackpacks, ancient_obelisks, clickadv, farsight_view, balm, fusion, fpsreducer, puzzlesaccessapi, cloth_config, forge, tlskincape, sodiumdynamiclights, embeddium, rubidium, logbegone, minecraft, tenshilib, smoothchunk, okzoomer, entity_model_features, entity_texture_features, fabric_api_base, mousetweaks, nochatreports, chunky, boatiview, platform, e4mc_minecraft, born_in_chaos_v1, rottencreatures, curios, citresewn, oculus, searchables, mr_dungeons_andtaverns, entityculling, library_of_exile, immediatelyfast, ferritecore, embeddium_extra, cupboard, transition, puzzleslib, rrls, improvedmobs, yeetusexperimentus]
[03Mar2026 00:29:06.665] [Netty Epoll Server IO #5/DEBUG] [net.minecraftforge.network.NetworkRegistry/NETREGISTRY]: Channel 'fml:loginwrapper' : Version test of 'FML3' from client : ACCEPTED
[03Mar2026 00:29:06.665] [Netty Epoll Server IO #5/DEBUG] [net.minecraftforge.network.NetworkRegistry/NETREGISTRY]: Channel 'improvedmobs:packets' : Version test of 'v1.0' from client : ACCEPTED
[03Mar2026 00:29:06.665] [Netty Epoll Server IO #5/DEBUG] [net.minecraftforge.network.NetworkRegistry/NETREGISTRY]: Channel 'forge:tier_sorting' : Version test of '1.0' from client : ACCEPTED
[03Mar2026 00:29:06.665] [Netty Epoll Server IO #5/DEBUG] [net.minecraftforge.network.NetworkRegistry/NETREGISTRY]: Channel 'library_of_exile:main' : Version test of '1' from client : ACCEPTED
[03Mar2026 00:29:06.665] [Netty Epoll Server IO #5/DEBUG] [net.minecraftforge.network.NetworkRegistry/NETREGISTRY]: Channel 'minecraft:unregister' : Version test of 'FML3' from client : ACCEPTED
[03Mar2026 00:29:06.665] [Netty Epoll Server IO #5/DEBUG] [net.minecraftforge.network.NetworkRegistry/NETREGISTRY]: Channel 'fml:play' : Version test of 'FML3' from client : ACCEPTED
[03Mar2026 00:29:06.665] [Netty Epoll Server IO #5/DEBUG] [net.minecraftforge.network.NetworkRegistry/NETREGISTRY]: Channel 'sophisticatedbackpacks:channel' : Version test of '1' from client : ACCEPTED
[03Mar2026 00:29:06.665] [Netty Epoll Server IO #5/DEBUG] [net.minecraftforge.network.NetworkRegistry/NETREGISTRY]: Channel 'puzzleslib:1' : Version test of '1' from client : ACCEPTED
[03Mar2026 00:29:06.665] [Netty Epoll Server IO #5/DEBUG] [net.minecraftforge.network.NetworkRegistry/NETREGISTRY]: Channel 'platform:networking' : Version test of '1' from client : ACCEPTED
[03Mar2026 00:29:06.665] [Netty Epoll Server IO #5/DEBUG] [net.minecraftforge.network.NetworkRegistry/NETREGISTRY]: Channel 'born_in_chaos_v1:born_in_chaos_v1' : Version test of '1' from client : ACCEPTED
[03Mar2026 00:29:06.665] [Netty Epoll Server IO #5/DEBUG] [net.minecraftforge.network.NetworkRegistry/NETREGISTRY]: Channel 'sophisticatedcore:channel' : Version test of '1' from client : ACCEPTED
[03Mar2026 00:29:06.665] [Netty Epoll Server IO #5/DEBUG] [net.minecraftforge.network.NetworkRegistry/NETREGISTRY]: Channel 'tenshilib:packets' : Version test of '1' from client : ACCEPTED
[03Mar2026 00:29:06.665] [Netty Epoll Server IO #5/DEBUG] [net.minecraftforge.network.NetworkRegistry/NETREGISTRY]: Channel 'mmorpg:main' : Version test of '1' from client : ACCEPTED
[03Mar2026 00:29:06.665] [Netty Epoll Server IO #5/DEBUG] [net.minecraftforge.network.NetworkRegistry/NETREGISTRY]: Channel 'fml:handshake' : Version test of 'FML3' from client : ACCEPTED
[03Mar2026 00:29:06.665] [Netty Epoll Server IO #5/DEBUG] [net.minecraftforge.network.NetworkRegistry/NETREGISTRY]: Channel 'curios:main' : Version test of '1' from client : ACCEPTED
[03Mar2026 00:29:06.665] [Netty Epoll Server IO #5/DEBUG] [net.minecraftforge.network.NetworkRegistry/NETREGISTRY]: Channel 'mutantmonsters:1' : Version test of '1' from client : ACCEPTED
[03Mar2026 00:29:06.665] [Netty Epoll Server IO #5/DEBUG] [net.minecraftforge.network.NetworkRegistry/NETREGISTRY]: Channel 'minecraft:register' : Version test of 'FML3' from client : ACCEPTED
[03Mar2026 00:29:06.665] [Netty Epoll Server IO #5/DEBUG] [net.minecraftforge.network.NetworkRegistry/NETREGISTRY]: Channel 'forge:split' : Version test of '1.1' from client : ACCEPTED
[03Mar2026 00:29:06.665] [Netty Epoll Server IO #5/DEBUG] [net.minecraftforge.network.NetworkRegistry/NETREGISTRY]: Channel 'geckolib:main' : Version test of '1' from client : ACCEPTED
[03Mar2026 00:29:06.665] [Netty Epoll Server IO #5/DEBUG] [net.minecraftforge.network.NetworkRegistry/NETREGISTRY]: Accepting channel list from client
[03Mar2026 00:29:06.665] [Netty Epoll Server IO #5/DEBUG] [net.minecraftforge.network.HandshakeHandler/FMLHANDSHAKE]: Accepted client connection mod list
[03Mar2026 00:29:06.680] [Server thread/DEBUG] [net.minecraftforge.network.HandshakeHandler/FMLHANDSHAKE]: Sending ticking packet info 'Registry minecraft:sound_event' to 'fml:handshake' sequence 4
[03Mar2026 00:29:06.720] [Netty Epoll Server IO #5/DEBUG] [net.minecraftforge.network.LoginWrapper/FMLHANDSHAKE]: Recieved login wrapper packet event for channel fml:handshake with index 2
[03Mar2026 00:29:06.720] [Netty Epoll Server IO #5/DEBUG] [net.minecraftforge.network.HandshakeHandler/FMLHANDSHAKE]: Received client indexed reply 2 of type net.minecraftforge.network.HandshakeMessages$C2SAcknowledge
[03Mar2026 00:29:06.721] [Netty Epoll Server IO #5/DEBUG] [net.minecraftforge.network.HandshakeHandler/FMLHANDSHAKE]: Received acknowledgement from client
[03Mar2026 00:29:06.730] [Server thread/DEBUG] [net.minecraftforge.network.HandshakeHandler/FMLHANDSHAKE]: Sending ticking packet info 'Registry minecraft:particle_type' to 'fml:handshake' sequence 5
[03Mar2026 00:29:06.749] [Netty Epoll Server IO #5/DEBUG] [net.minecraftforge.network.LoginWrapper/FMLHANDSHAKE]: Recieved login wrapper packet event for channel fml:handshake with index 3
[03Mar2026 00:29:06.749] [Netty Epoll Server IO #5/DEBUG] [net.minecraftforge.network.HandshakeHandler/FMLHANDSHAKE]: Received client indexed reply 3 of type net.minecraftforge.network.HandshakeMessages$C2SAcknowledge
[03Mar2026 00:29:06.749] [Netty Epoll Server IO #5/DEBUG] [net.minecraftforge.network.HandshakeHandler/FMLHANDSHAKE]: Received acknowledgement from client
[03Mar2026 00:29:06.780] [Server thread/DEBUG] [net.minecraftforge.network.HandshakeHandler/FMLHANDSHAKE]: Sending ticking packet info 'Registry minecraft:villager_profession' to 'fml:handshake' sequence 6
[03Mar2026 00:29:06.830] [Server thread/DEBUG] [net.minecraftforge.network.HandshakeHandler/FMLHANDSHAKE]: Sending ticking packet info 'Registry minecraft:item' to 'fml:handshake' sequence 7
[03Mar2026 00:29:06.878] [Server thread/DEBUG] [net.minecraftforge.network.HandshakeHandler/FMLHANDSHAKE]: Sending ticking packet info 'Registry minecraft:potion' to 'fml:handshake' sequence 8
[03Mar2026 00:29:06.931] [Server thread/DEBUG] [net.minecraftforge.network.HandshakeHandler/FMLHANDSHAKE]: Sending ticking packet info 'Registry minecraft:painting_variant' to 'fml:handshake' sequence 9
[03Mar2026 00:29:06.978] [Server thread/DEBUG] [net.minecraftforge.network.HandshakeHandler/FMLHANDSHAKE]: Sending ticking packet info 'Registry forge:fluid_type' to 'fml:handshake' sequence 10
[03Mar2026 00:29:07.030] [Server thread/DEBUG] [net.minecraftforge.network.HandshakeHandler/FMLHANDSHAKE]: Sending ticking packet info 'Registry minecraft:block_entity_type' to 'fml:handshake' sequence 11
[03Mar2026 00:29:07.036] [Netty Epoll Server IO #5/DEBUG] [net.minecraftforge.network.LoginWrapper/FMLHANDSHAKE]: Recieved login wrapper packet event for channel fml:handshake with index 4
[03Mar2026 00:29:07.036] [Netty Epoll Server IO #5/DEBUG] [net.minecraftforge.network.HandshakeHandler/FMLHANDSHAKE]: Received client indexed reply 4 of type net.minecraftforge.network.HandshakeMessages$C2SAcknowledge
[03Mar2026 00:29:07.036] [Netty Epoll Server IO #5/DEBUG] [net.minecraftforge.network.HandshakeHandler/FMLHANDSHAKE]: Received acknowledgement from client
[03Mar2026 00:29:07.041] [Netty Epoll Server IO #5/DEBUG] [net.minecraftforge.network.LoginWrapper/FMLHANDSHAKE]: Recieved login wrapper packet event for channel fml:handshake with index 5
[03Mar2026 00:29:07.041] [Netty Epoll Server IO #5/DEBUG] [net.minecraftforge.network.HandshakeHandler/FMLHANDSHAKE]: Received client indexed reply 5 of type net.minecraftforge.network.HandshakeMessages$C2SAcknowledge
[03Mar2026 00:29:07.041] [Netty Epoll Server IO #5/DEBUG] [net.minecraftforge.network.HandshakeHandler/FMLHANDSHAKE]: Received acknowledgement from client
[03Mar2026 00:29:07.043] [Netty Epoll Server IO #5/DEBUG] [net.minecraftforge.network.LoginWrapper/FMLHANDSHAKE]: Recieved login wrapper packet event for channel fml:handshake with index 6
[03Mar2026 00:29:07.043] [Netty Epoll Server IO #5/DEBUG] [net.minecraftforge.network.HandshakeHandler/FMLHANDSHAKE]: Received client indexed reply 6 of type net.minecraftforge.network.HandshakeMessages$C2SAcknowledge
[03Mar2026 00:29:07.043] [Netty Epoll Server IO #5/DEBUG] [net.minecraftforge.network.HandshakeHandler/FMLHANDSHAKE]: Received acknowledgement from client
[03Mar2026 00:29:07.078] [Server thread/DEBUG] [net.minecraftforge.network.HandshakeHandler/FMLHANDSHAKE]: Sending ticking packet info 'Registry forge:display_contexts' to 'fml:handshake' sequence 12
[03Mar2026 00:29:07.128] [Server thread/DEBUG] [net.minecraftforge.network.HandshakeHandler/FMLHANDSHAKE]: Sending ticking packet info 'Registry minecraft:block' to 'fml:handshake' sequence 13
[03Mar2026 00:29:07.138] [Netty Epoll Server IO #5/DEBUG] [net.minecraftforge.network.LoginWrapper/FMLHANDSHAKE]: Recieved login wrapper packet event for channel fml:handshake with index 7
[03Mar2026 00:29:07.138] [Netty Epoll Server IO #5/DEBUG] [net.minecraftforge.network.HandshakeHandler/FMLHANDSHAKE]: Received client indexed reply 7 of type net.minecraftforge.network.HandshakeMessages$C2SAcknowledge
[03Mar2026 00:29:07.138] [Netty Epoll Server IO #5/DEBUG] [net.minecraftforge.network.HandshakeHandler/FMLHANDSHAKE]: Received acknowledgement from client
[03Mar2026 00:29:07.141] [Netty Epoll Server IO #5/DEBUG] [net.minecraftforge.network.LoginWrapper/FMLHANDSHAKE]: Recieved login wrapper packet event for channel fml:handshake with index 8
[03Mar2026 00:29:07.141] [Netty Epoll Server IO #5/DEBUG] [net.minecraftforge.network.HandshakeHandler/FMLHANDSHAKE]: Received client indexed reply 8 of type net.minecraftforge.network.HandshakeMessages$C2SAcknowledge
[03Mar2026 00:29:07.141] [Netty Epoll Server IO #5/DEBUG] [net.minecraftforge.network.HandshakeHandler/FMLHANDSHAKE]: Received acknowledgement from client
[03Mar2026 00:29:07.144] [Netty Epoll Server IO #5/DEBUG] [net.minecraftforge.network.LoginWrapper/FMLHANDSHAKE]: Recieved login wrapper packet event for channel fml:handshake with index 9
[03Mar2026 00:29:07.144] [Netty Epoll Server IO #5/DEBUG] [net.minecraftforge.network.HandshakeHandler/FMLHANDSHAKE]: Received client indexed reply 9 of type net.minecraftforge.network.HandshakeMessages$C2SAcknowledge
[03Mar2026 00:29:07.144] [Netty Epoll Server IO #5/DEBUG] [net.minecraftforge.network.HandshakeHandler/FMLHANDSHAKE]: Received acknowledgement from client
[03Mar2026 00:29:07.147] [Netty Epoll Server IO #5/DEBUG] [net.minecraftforge.network.LoginWrapper/FMLHANDSHAKE]: Recieved login wrapper packet event for channel fml:handshake with index 10
[03Mar2026 00:29:07.147] [Netty Epoll Server IO #5/DEBUG] [net.minecraftforge.network.HandshakeHandler/FMLHANDSHAKE]: Received client indexed reply 10 of type net.minecraftforge.network.HandshakeMessages$C2SAcknowledge
[03Mar2026 00:29:07.148] [Netty Epoll Server IO #5/DEBUG] [net.minecraftforge.network.HandshakeHandler/FMLHANDSHAKE]: Received acknowledgement from client
[03Mar2026 00:29:07.149] [Netty Epoll Server IO #5/DEBUG] [net.minecraftforge.network.LoginWrapper/FMLHANDSHAKE]: Recieved login wrapper packet event for channel fml:handshake with index 11
[03Mar2026 00:29:07.149] [Netty Epoll Server IO #5/DEBUG] [net.minecraftforge.network.HandshakeHandler/FMLHANDSHAKE]: Received client indexed reply 11 of type net.minecraftforge.network.HandshakeMessages$C2SAcknowledge
[03Mar2026 00:29:07.149] [Netty Epoll Server IO #5/DEBUG] [net.minecraftforge.network.HandshakeHandler/FMLHANDSHAKE]: Received acknowledgement from client
[03Mar2026 00:29:07.180] [Server thread/DEBUG] [net.minecraftforge.network.HandshakeHandler/FMLHANDSHAKE]: Sending ticking packet info 'Registry forge:entity_data_serializers' to 'fml:handshake' sequence 14
[03Mar2026 00:29:07.184] [Netty Epoll Server IO #5/DEBUG] [net.minecraftforge.network.LoginWrapper/FMLHANDSHAKE]: Recieved login wrapper packet event for channel fml:handshake with index 12
[03Mar2026 00:29:07.184] [Netty Epoll Server IO #5/DEBUG] [net.minecraftforge.network.HandshakeHandler/FMLHANDSHAKE]: Received client indexed reply 12 of type net.minecraftforge.network.HandshakeMessages$C2SAcknowledge
[03Mar2026 00:29:07.184] [Netty Epoll Server IO #5/DEBUG] [net.minecraftforge.network.HandshakeHandler/FMLHANDSHAKE]: Received acknowledgement from client
[03Mar2026 00:29:07.230] [Server thread/DEBUG] [net.minecraftforge.network.HandshakeHandler/FMLHANDSHAKE]: Sending ticking packet info 'Registry minecraft:mob_effect' to 'fml:handshake' sequence 15
[03Mar2026 00:29:07.247] [Netty Epoll Server IO #5/DEBUG] [net.minecraftforge.network.LoginWrapper/FMLHANDSHAKE]: Recieved login wrapper packet event for channel fml:handshake with index 13
[03Mar2026 00:29:07.247] [Netty Epoll Server IO #5/DEBUG] [net.minecraftforge.network.HandshakeHandler/FMLHANDSHAKE]: Received client indexed reply 13 of type net.minecraftforge.network.HandshakeMessages$C2SAcknowledge
[03Mar2026 00:29:07.247] [Netty Epoll Server IO #5/DEBUG] [net.minecraftforge.network.HandshakeHandler/FMLHANDSHAKE]: Received acknowledgement from client
[03Mar2026 00:29:07.279] [Server thread/DEBUG] [net.minecraftforge.network.HandshakeHandler/FMLHANDSHAKE]: Sending ticking packet info 'Registry minecraft:stat_type' to 'fml:handshake' sequence 16
[03Mar2026 00:29:07.284] [Netty Epoll Server IO #5/DEBUG] [net.minecraftforge.network.LoginWrapper/FMLHANDSHAKE]: Recieved login wrapper packet event for channel fml:handshake with index 14
[03Mar2026 00:29:07.284] [Netty Epoll Server IO #5/DEBUG] [net.minecraftforge.network.HandshakeHandler/FMLHANDSHAKE]: Received client indexed reply 14 of type net.minecraftforge.network.HandshakeMessages$C2SAcknowledge
[03Mar2026 00:29:07.284] [Netty Epoll Server IO #5/DEBUG] [net.minecraftforge.network.HandshakeHandler/FMLHANDSHAKE]: Received acknowledgement from client
[03Mar2026 00:29:07.331] [Server thread/DEBUG] [net.minecraftforge.network.HandshakeHandler/FMLHANDSHAKE]: Sending ticking packet info 'Registry minecraft:menu' to 'fml:handshake' sequence 17
[03Mar2026 00:29:07.336] [Netty Epoll Server IO #5/DEBUG] [net.minecraftforge.network.LoginWrapper/FMLHANDSHAKE]: Recieved login wrapper packet event for channel fml:handshake with index 15
[03Mar2026 00:29:07.336] [Netty Epoll Server IO #5/DEBUG] [net.minecraftforge.network.HandshakeHandler/FMLHANDSHAKE]: Received client indexed reply 15 of type net.minecraftforge.network.HandshakeMessages$C2SAcknowledge
[03Mar2026 00:29:07.336] [Netty Epoll Server IO #5/DEBUG] [net.minecraftforge.network.HandshakeHandler/FMLHANDSHAKE]: Received acknowledgement from client
[03Mar2026 00:29:07.379] [Server thread/DEBUG] [net.minecraftforge.network.HandshakeHandler/FMLHANDSHAKE]: Sending ticking packet info 'Registry minecraft:enchantment' to 'fml:handshake' sequence 18
[03Mar2026 00:29:07.383] [Netty Epoll Server IO #5/DEBUG] [net.minecraftforge.network.LoginWrapper/FMLHANDSHAKE]: Recieved login wrapper packet event for channel fml:handshake with index 16
[03Mar2026 00:29:07.383] [Netty Epoll Server IO #5/DEBUG] [net.minecraftforge.network.HandshakeHandler/FMLHANDSHAKE]: Received client indexed reply 16 of type net.minecraftforge.network.HandshakeMessages$C2SAcknowledge
[03Mar2026 00:29:07.383] [Netty Epoll Server IO #5/DEBUG] [net.minecraftforge.network.HandshakeHandler/FMLHANDSHAKE]: Received acknowledgement from client
[03Mar2026 00:29:07.428] [Server thread/DEBUG] [net.minecraftforge.network.HandshakeHandler/FMLHANDSHAKE]: Sending ticking packet info 'Registry minecraft:fluid' to 'fml:handshake' sequence 19
[03Mar2026 00:29:07.436] [Netty Epoll Server IO #5/DEBUG] [net.minecraftforge.network.LoginWrapper/FMLHANDSHAKE]: Recieved login wrapper packet event for channel fml:handshake with index 17
[03Mar2026 00:29:07.436] [Netty Epoll Server IO #5/DEBUG] [net.minecraftforge.network.HandshakeHandler/FMLHANDSHAKE]: Received client indexed reply 17 of type net.minecraftforge.network.HandshakeMessages$C2SAcknowledge
[03Mar2026 00:29:07.436] [Netty Epoll Server IO #5/DEBUG] [net.minecraftforge.network.HandshakeHandler/FMLHANDSHAKE]: Received acknowledgement from client
[03Mar2026 00:29:07.481] [Server thread/DEBUG] [net.minecraftforge.network.HandshakeHandler/FMLHANDSHAKE]: Sending ticking packet info 'Registry minecraft:entity_type' to 'fml:handshake' sequence 20
[03Mar2026 00:29:07.515] [Netty Epoll Server IO #5/DEBUG] [net.minecraftforge.network.LoginWrapper/FMLHANDSHAKE]: Recieved login wrapper packet event for channel fml:handshake with index 18
[03Mar2026 00:29:07.515] [Netty Epoll Server IO #5/DEBUG] [net.minecraftforge.network.HandshakeHandler/FMLHANDSHAKE]: Received client indexed reply 18 of type net.minecraftforge.network.HandshakeMessages$C2SAcknowledge
[03Mar2026 00:29:07.515] [Netty Epoll Server IO #5/DEBUG] [net.minecraftforge.network.HandshakeHandler/FMLHANDSHAKE]: Received acknowledgement from client
[03Mar2026 00:29:07.531] [Server thread/DEBUG] [net.minecraftforge.network.HandshakeHandler/FMLHANDSHAKE]: Sending ticking packet info 'Config curios-server.toml' to 'fml:handshake' sequence 21
[03Mar2026 00:29:07.533] [Netty Epoll Server IO #5/DEBUG] [net.minecraftforge.network.LoginWrapper/FMLHANDSHAKE]: Recieved login wrapper packet event for channel fml:handshake with index 19
[03Mar2026 00:29:07.533] [Netty Epoll Server IO #5/DEBUG] [net.minecraftforge.network.HandshakeHandler/FMLHANDSHAKE]: Received client indexed reply 19 of type net.minecraftforge.network.HandshakeMessages$C2SAcknowledge
[03Mar2026 00:29:07.533] [Netty Epoll Server IO #5/DEBUG] [net.minecraftforge.network.HandshakeHandler/FMLHANDSHAKE]: Received acknowledgement from client
[03Mar2026 00:29:07.578] [Server thread/DEBUG] [net.minecraftforge.network.HandshakeHandler/FMLHANDSHAKE]: Sending ticking packet info 'Config dungeon_realm-server.toml' to 'fml:handshake' sequence 22
[03Mar2026 00:29:07.639] [Server thread/DEBUG] [net.minecraftforge.network.HandshakeHandler/FMLHANDSHAKE]: Sending ticking packet info 'Config mine_and_slash_compatibility-server.toml' to 'fml:handshake' sequence 23
[03Mar2026 00:29:07.679] [Server thread/DEBUG] [net.minecraftforge.network.HandshakeHandler/FMLHANDSHAKE]: Sending ticking packet info 'Config ancient_obelisks_dimension-server.toml' to 'fml:handshake' sequence 24
[03Mar2026 00:29:07.729] [Server thread/DEBUG] [net.minecraftforge.network.HandshakeHandler/FMLHANDSHAKE]: Sending ticking packet info 'Config the_harvest-server.toml' to 'fml:handshake' sequence 25
[03Mar2026 00:29:07.779] [Server thread/DEBUG] [net.minecraftforge.network.HandshakeHandler/FMLHANDSHAKE]: Sending ticking packet info 'Config ancient_obelisks-server.toml' to 'fml:handshake' sequence 26
[03Mar2026 00:29:07.827] [Netty Epoll Server IO #5/DEBUG] [net.minecraftforge.network.LoginWrapper/FMLHANDSHAKE]: Recieved login wrapper packet event for channel fml:handshake with index 20
[03Mar2026 00:29:07.827] [Netty Epoll Server IO #5/DEBUG] [net.minecraftforge.network.HandshakeHandler/FMLHANDSHAKE]: Received client indexed reply 20 of type net.minecraftforge.network.HandshakeMessages$C2SAcknowledge
[03Mar2026 00:29:07.827] [Netty Epoll Server IO #5/DEBUG] [net.minecraftforge.network.HandshakeHandler/FMLHANDSHAKE]: Received acknowledgement from client
[03Mar2026 00:29:07.829] [Server thread/DEBUG] [net.minecraftforge.network.HandshakeHandler/FMLHANDSHAKE]: Sending ticking packet info 'Config sophisticatedbackpacks-server.toml' to 'fml:handshake' sequence 27
[03Mar2026 00:29:07.831] [Netty Epoll Server IO #5/DEBUG] [net.minecraftforge.network.LoginWrapper/FMLHANDSHAKE]: Recieved login wrapper packet event for channel fml:handshake with index 21
[03Mar2026 00:29:07.831] [Netty Epoll Server IO #5/DEBUG] [net.minecraftforge.network.HandshakeHandler/FMLHANDSHAKE]: Received client indexed reply 21 of type net.minecraftforge.network.HandshakeMessages$C2SAcknowledge
[03Mar2026 00:29:07.831] [Netty Epoll Server IO #5/DEBUG] [net.minecraftforge.network.HandshakeHandler/FMLHANDSHAKE]: Received acknowledgement from client
[03Mar2026 00:29:07.835] [Netty Epoll Server IO #5/DEBUG] [net.minecraftforge.network.LoginWrapper/FMLHANDSHAKE]: Recieved login wrapper packet event for channel fml:handshake with index 22
[03Mar2026 00:29:07.835] [Netty Epoll Server IO #5/DEBUG] [net.minecraftforge.network.HandshakeHandler/FMLHANDSHAKE]: Received client indexed reply 22 of type net.minecraftforge.network.HandshakeMessages$C2SAcknowledge
[03Mar2026 00:29:07.835] [Netty Epoll Server IO #5/DEBUG] [net.minecraftforge.network.HandshakeHandler/FMLHANDSHAKE]: Received acknowledgement from client
[03Mar2026 00:29:07.837] [Netty Epoll Server IO #5/DEBUG] [net.minecraftforge.network.LoginWrapper/FMLHANDSHAKE]: Recieved login wrapper packet event for channel fml:handshake with index 23
[03Mar2026 00:29:07.837] [Netty Epoll Server IO #5/DEBUG] [net.minecraftforge.network.HandshakeHandler/FMLHANDSHAKE]: Received client indexed reply 23 of type net.minecraftforge.network.HandshakeMessages$C2SAcknowledge
[03Mar2026 00:29:07.837] [Netty Epoll Server IO #5/DEBUG] [net.minecraftforge.network.HandshakeHandler/FMLHANDSHAKE]: Received acknowledgement from client
[03Mar2026 00:29:07.840] [Netty Epoll Server IO #5/DEBUG] [net.minecraftforge.network.LoginWrapper/FMLHANDSHAKE]: Recieved login wrapper packet event for channel fml:handshake with index 24
[03Mar2026 00:29:07.840] [Netty Epoll Server IO #5/DEBUG] [net.minecraftforge.network.HandshakeHandler/FMLHANDSHAKE]: Received client indexed reply 24 of type net.minecraftforge.network.HandshakeMessages$C2SAcknowledge
[03Mar2026 00:29:07.840] [Netty Epoll Server IO #5/DEBUG] [net.minecraftforge.network.HandshakeHandler/FMLHANDSHAKE]: Received acknowledgement from client
[03Mar2026 00:29:07.843] [Netty Epoll Server IO #5/DEBUG] [net.minecraftforge.network.LoginWrapper/FMLHANDSHAKE]: Recieved login wrapper packet event for channel fml:handshake with index 25
[03Mar2026 00:29:07.843] [Netty Epoll Server IO #5/DEBUG] [net.minecraftforge.network.HandshakeHandler/FMLHANDSHAKE]: Received client indexed reply 25 of type net.minecraftforge.network.HandshakeMessages$C2SAcknowledge
[03Mar2026 00:29:07.843] [Netty Epoll Server IO #5/DEBUG] [net.minecraftforge.network.HandshakeHandler/FMLHANDSHAKE]: Received acknowledgement from client
[03Mar2026 00:29:07.879] [Server thread/DEBUG] [net.minecraftforge.network.HandshakeHandler/FMLHANDSHAKE]: Sending ticking packet info 'Config mine_and_slash-server.toml' to 'fml:handshake' sequence 28
[03Mar2026 00:29:07.886] [Netty Epoll Server IO #5/DEBUG] [net.minecraftforge.network.LoginWrapper/FMLHANDSHAKE]: Recieved login wrapper packet event for channel fml:handshake with index 26
[03Mar2026 00:29:07.886] [Netty Epoll Server IO #5/DEBUG] [net.minecraftforge.network.HandshakeHandler/FMLHANDSHAKE]: Received client indexed reply 26 of type net.minecraftforge.network.HandshakeMessages$C2SAcknowledge
[03Mar2026 00:29:07.886] [Netty Epoll Server IO #5/DEBUG] [net.minecraftforge.network.HandshakeHandler/FMLHANDSHAKE]: Received acknowledgement from client
[03Mar2026 00:29:07.930] [Server thread/DEBUG] [net.minecraftforge.network.HandshakeHandler/FMLHANDSHAKE]: Sending ticking packet info 'Config mutantmonsters-server.toml' to 'fml:handshake' sequence 29
[03Mar2026 00:29:07.947] [Netty Epoll Server IO #5/DEBUG] [net.minecraftforge.network.LoginWrapper/FMLHANDSHAKE]: Recieved login wrapper packet event for channel fml:handshake with index 27
[03Mar2026 00:29:07.947] [Netty Epoll Server IO #5/DEBUG] [net.minecraftforge.network.HandshakeHandler/FMLHANDSHAKE]: Received client indexed reply 27 of type net.minecraftforge.network.HandshakeMessages$C2SAcknowledge
[03Mar2026 00:29:07.947] [Netty Epoll Server IO #5/DEBUG] [net.minecraftforge.network.HandshakeHandler/FMLHANDSHAKE]: Received acknowledgement from client
[03Mar2026 00:29:07.978] [Server thread/DEBUG] [net.minecraftforge.network.HandshakeHandler/FMLHANDSHAKE]: Sending ticking packet info 'Config the_harvest_dimension-server.toml' to 'fml:handshake' sequence 30
[03Mar2026 00:29:07.991] [Netty Epoll Server IO #5/DEBUG] [net.minecraftforge.network.LoginWrapper/FMLHANDSHAKE]: Recieved login wrapper packet event for channel fml:handshake with index 28
[03Mar2026 00:29:07.992] [Netty Epoll Server IO #5/DEBUG] [net.minecraftforge.network.HandshakeHandler/FMLHANDSHAKE]: Received client indexed reply 28 of type net.minecraftforge.network.HandshakeMessages$C2SAcknowledge
[03Mar2026 00:29:07.992] [Netty Epoll Server IO #5/DEBUG] [net.minecraftforge.network.HandshakeHandler/FMLHANDSHAKE]: Received acknowledgement from client
[03Mar2026 00:29:08.028] [Server thread/DEBUG] [net.minecraftforge.network.HandshakeHandler/FMLHANDSHAKE]: Sending ticking packet info 'Config dungeon_realm_dimension-server.toml' to 'fml:handshake' sequence 31
[03Mar2026 00:29:08.063] [Netty Epoll Server IO #5/DEBUG] [net.minecraftforge.network.LoginWrapper/FMLHANDSHAKE]: Recieved login wrapper packet event for channel fml:handshake with index 29
[03Mar2026 00:29:08.063] [Netty Epoll Server IO #5/DEBUG] [net.minecraftforge.network.HandshakeHandler/FMLHANDSHAKE]: Received client indexed reply 29 of type net.minecraftforge.network.HandshakeMessages$C2SAcknowledge
[03Mar2026 00:29:08.063] [Netty Epoll Server IO #5/DEBUG] [net.minecraftforge.network.HandshakeHandler/FMLHANDSHAKE]: Received acknowledgement from client
[03Mar2026 00:29:08.079] [Server thread/DEBUG] [net.minecraftforge.network.HandshakeHandler/FMLHANDSHAKE]: Sending ticking packet info 'Config forge-server.toml' to 'fml:handshake' sequence 32
[03Mar2026 00:29:08.084] [Netty Epoll Server IO #5/DEBUG] [net.minecraftforge.network.LoginWrapper/FMLHANDSHAKE]: Recieved login wrapper packet event for channel fml:handshake with index 30
[03Mar2026 00:29:08.084] [Netty Epoll Server IO #5/DEBUG] [net.minecraftforge.network.HandshakeHandler/FMLHANDSHAKE]: Received client indexed reply 30 of type net.minecraftforge.network.HandshakeMessages$C2SAcknowledge
[03Mar2026 00:29:08.084] [Netty Epoll Server IO #5/DEBUG] [net.minecraftforge.network.HandshakeHandler/FMLHANDSHAKE]: Received acknowledgement from client
[03Mar2026 00:29:08.364] [Netty Epoll Server IO #5/DEBUG] [net.minecraftforge.network.LoginWrapper/FMLHANDSHAKE]: Recieved login wrapper packet event for channel fml:handshake with index 31
[03Mar2026 00:29:08.364] [Netty Epoll Server IO #5/DEBUG] [net.minecraftforge.network.HandshakeHandler/FMLHANDSHAKE]: Received client indexed reply 31 of type net.minecraftforge.network.HandshakeMessages$C2SAcknowledge
[03Mar2026 00:29:08.364] [Netty Epoll Server IO #5/DEBUG] [net.minecraftforge.network.HandshakeHandler/FMLHANDSHAKE]: Received acknowledgement from client
[03Mar2026 00:29:08.367] [Netty Epoll Server IO #5/DEBUG] [net.minecraftforge.network.LoginWrapper/FMLHANDSHAKE]: Recieved login wrapper packet event for channel fml:handshake with index 32
[03Mar2026 00:29:08.367] [Netty Epoll Server IO #5/DEBUG] [net.minecraftforge.network.HandshakeHandler/FMLHANDSHAKE]: Received client indexed reply 32 of type net.minecraftforge.network.HandshakeMessages$C2SAcknowledge
[03Mar2026 00:29:08.367] [Netty Epoll Server IO #5/DEBUG] [net.minecraftforge.network.HandshakeHandler/FMLHANDSHAKE]: Received acknowledgement from client
[03Mar2026 00:29:08.379] [Server thread/DEBUG] [net.minecraftforge.network.HandshakeHandler/FMLHANDSHAKE]: Handshake complete!
[03Mar2026 00:29:08.432] [Server thread/WARN] [net.minecraft.stats.ServerStatsCounter/]: Invalid statistic in ./world/stats/7d685a11-2e27-3af4-adb4-912d6f23585d.json: Don't know what tacz:modern_kinetic_gun is
[03Mar2026 00:29:08.445] [Server thread/INFO] [net.minecraft.server.players.PlayerList/]: ShineReality20[/127.230.242.51:50989] logged in with entity id 370 at (52.638999064141714, -28.0, 128.3666430866814)
[03Mar2026 00:29:08.445] [Server thread/DEBUG] [net.minecraftforge.network.filters.NetworkFilters/]: Injected net.minecraftforge.network.filters.ForgeConnectionNetworkFilter@7825ebe1 into net.minecraft.network.Connection@2a8949f0
[03Mar2026 00:29:08.497] [Server thread/INFO] [net.minecraft.server.MinecraftServer/]: ShineReality20 joined the game
[03Mar2026 00:29:36.179] [Server thread/INFO] [net.minecraft.server.MinecraftServer/]: JeremyXfn was slain by Nightmare Stalker
[03Mar2026 00:29:50.242] [Server thread/INFO] [net.minecraft.server.MinecraftServer/]: [JeremyXfn: Teleported ShineReality20 to JeremyXfn]
[03Mar2026 00:29:56.618] [Server thread/INFO] [net.minecraft.server.MinecraftServer/]: ShineReality20 has made the advancement [Sweet Dreams]
[03Mar2026 00:30:32.177] [Server thread/INFO] [net.minecraft.server.MinecraftServer/]: JeremyXfn was slain by Nightmare Stalker
[03Mar2026 00:30:50.180] [Server thread/INFO] [net.minecraft.server.MinecraftServer/]: ShineReality20 withered away whilst fighting Nightmare Stalker
[03Mar2026 00:31:06.532] [Server thread/DEBUG] [net.minecraftforge.common.ForgeHooks/WP]: Gathering id map for writing to world save world
[03Mar2026 00:31:06.560] [Server thread/DEBUG] [net.minecraftforge.common.ForgeHooks/WP]: ID Map collection complete world
[03Mar2026 00:36:06.607] [Server thread/DEBUG] [net.minecraftforge.common.ForgeHooks/WP]: Gathering id map for writing to world save world
[03Mar2026 00:36:06.632] [Server thread/DEBUG] [net.minecraftforge.common.ForgeHooks/WP]: ID Map collection complete world
[03Mar2026 00:38:58.486] [Server thread/INFO] [net.minecraft.server.MinecraftServer/]: ShineReality20 has reached the goal [Big Boy]
[03Mar2026 00:39:33.285] [Server thread/INFO] [net.minecraft.server.MinecraftServer/]: JeremyXfn was blown up by Creeper
[03Mar2026 00:41:06.510] [Server thread/DEBUG] [net.minecraftforge.common.ForgeHooks/WP]: Gathering id map for writing to world save world
[03Mar2026 00:41:06.516] [Server thread/DEBUG] [net.minecraftforge.common.ForgeHooks/WP]: ID Map collection complete world
[03Mar2026 00:46:06.508] [Server thread/DEBUG] [net.minecraftforge.common.ForgeHooks/WP]: Gathering id map for writing to world save world
[03Mar2026 00:46:06.515] [Server thread/DEBUG] [net.minecraftforge.common.ForgeHooks/WP]: ID Map collection complete world
[03Mar2026 00:48:34.638] [Server thread/INFO] [net.minecraft.server.MinecraftServer/]: [JeremyXfn: Gave 64 [Bread] to JeremyXfn]
[03Mar2026 00:48:52.204] [Server thread/WARN] [net.minecraft.server.MinecraftServer/]: Can't keep up! Is the server overloaded? Running 17530ms or 350 ticks behind
[03Mar2026 00:48:52.227] [Server thread/INFO] [net.minecraft.server.MinecraftServer/]: [JeremyXfn: Gave 64 [Bread] to JeremyXfn]
[03Mar2026 00:49:10.910] [Server thread/INFO] [net.minecraft.server.MinecraftServer/]: [JeremyXfn: Gave 64 [Bread] to JeremyXfn]
[03Mar2026 00:51:24.010] [Server thread/DEBUG] [net.minecraftforge.common.ForgeHooks/WP]: Gathering id map for writing to world save world
[03Mar2026 00:51:24.023] [Server thread/DEBUG] [net.minecraftforge.common.ForgeHooks/WP]: ID Map collection complete world
[03Mar2026 00:54:38.939] [Server thread/INFO] [net.minecraft.server.MinecraftServer/]: [JeremyXfn: Gamerule keepInventory is now set to: true]
[03Mar2026 00:56:24.003] [Server thread/DEBUG] [net.minecraftforge.common.ForgeHooks/WP]: Gathering id map for writing to world save world
[03Mar2026 00:56:24.008] [Server thread/DEBUG] [net.minecraftforge.common.ForgeHooks/WP]: ID Map collection complete world
[03Mar2026 01:01:24.003] [Server thread/DEBUG] [net.minecraftforge.common.ForgeHooks/WP]: Gathering id map for writing to world save world
[03Mar2026 01:01:24.009] [Server thread/DEBUG] [net.minecraftforge.common.ForgeHooks/WP]: ID Map collection complete world
[03Mar2026 01:04:13.110] [Server thread/INFO] [net.minecraft.server.MinecraftServer/]: ShineReality20 has reached the goal [Fighting Nightmares]
[03Mar2026 01:06:24.000] [Server thread/DEBUG] [net.minecraftforge.common.ForgeHooks/WP]: Gathering id map for writing to world save world
[03Mar2026 01:06:24.006] [Server thread/DEBUG] [net.minecraftforge.common.ForgeHooks/WP]: ID Map collection complete world
[03Mar2026 01:09:34.804] [Server thread/WARN] [net.minecraft.server.network.ServerGamePacketListenerImpl/]: ShineReality20 moved too quickly! 3.2665203429544505,0.772311512455012,-9.514752164637528
[03Mar2026 01:09:52.119] [Server thread/INFO] [net.minecraft.server.MinecraftServer/]: [JeremyXfn: Set own game mode to Creative Mode]
[03Mar2026 01:10:30.948] [Server thread/INFO] [net.minecraft.server.MinecraftServer/]: [JeremyXfn: Set own game mode to Survival Mode]
[03Mar2026 01:11:06.516] [Server thread/INFO] [net.minecraft.server.MinecraftServer/]: [JeremyXfn: Set own game mode to Creative Mode]
[03Mar2026 01:11:24.003] [Server thread/DEBUG] [net.minecraftforge.common.ForgeHooks/WP]: Gathering id map for writing to world save world
[03Mar2026 01:11:24.009] [Server thread/DEBUG] [net.minecraftforge.common.ForgeHooks/WP]: ID Map collection complete world
[03Mar2026 01:11:32.269] [Server thread/INFO] [net.minecraft.server.MinecraftServer/]: [JeremyXfn: Set own game mode to Survival Mode]
[03Mar2026 01:11:43.316] [Server thread/INFO] [net.minecraft.server.MinecraftServer/]: [JeremyXfn: Set own game mode to Creative Mode]
